additional_muts,barcode,class,gene,ploidy,type,biasSusceptibility
"TIP1-upstream_point_variant; YKR012C-upstream_indel_variant; APM2-upstream_indel_variant; RPL11B-upstream_indel_variant; YIL161W-upstream_indel_variant; YIL169C-frameshift_variant",53,Diploid,Diploid,Diploid,Diploid,-0.390661996411059
"SEH1-missense_variant; ZIP1-missense_variant; MIM1,tS-upstream_indel_variant; YFL019C,SUF9-upstream_indel_variant",151,PKA,IRA1,Haploid,stop_gained,-0.29773579047279
"NotSequenced",262,NotSequenced,NotSequenced,NotSequenced,NotSequenced,-0.170125434875554
"None",273,PKA,IRA1,Haploid,frameshift_variant,-0.139676893790531
"NotSequenced",323,NotSequenced,NotSequenced,NotSequenced,NotSequenced,0.167469595924472
"None",415,PKA,IRA1,Haploid,frameshift_variant,0.443634647324426
"NotSequenced",499,NotSequenced,NotSequenced,NotSequenced,NotSequenced,0
"NotSequenced",622,NotSequenced,NotSequenced,NotSequenced,NotSequenced,-0.11652222981927
"RPL19A-upstream_point_variant",689,PKA,IRA1,Haploid,frameshift_variant,-0.367232518882653
"NotSequenced",697,NotSequenced,NotSequenced,NotSequenced,NotSequenced,-0.348418282607194
"NotSequenced",1185,NotSequenced,NotSequenced,NotSequenced,NotSequenced,0
"NotSequenced",1322,NotSequenced,NotSequenced,NotSequenced,NotSequenced,0
"NotSequenced",1379,NotSequenced,NotSequenced,NotSequenced,NotSequenced,-0.337576117889589
"NotSequenced",1488,NotSequenced,NotSequenced,NotSequenced,NotSequenced,-0.744399488494118
"None",1564,Diploid,Diploid,Diploid,Diploid,0.16948925812114
"RIF1-upstream_indel_variant",1617,PKA,PDE2,Haploid,frameshift_variant,-1.04409944801677
"nan-nan",1641,other,other,other,other,0.0956191306007393
"SDH3-upstream_point_variant; MFM1-missense_variant; YIL169C-frameshift_variant",1683,other,other,other,other,-0.75070446493763
"None",1866,PKA,PDE2,Haploid,stop_gained,-0.149159075464986
"None",2037,Diploid,Diploid,Diploid,Diploid,-0.810983649603765
"ACF2-missense_variant",2039,Adaptive Diploid,Diploid + IRA2,Diploid,frameshift_variant,0.0696773978721635
"TAF9-upstream_point_variant; SHE3-missense_variant; APE3-synonymous_variant",2288,PKA,GPB2,Haploid,stop_gained,0.177978512980565
"SEC5-missense_variant",2468,PKA,IRA2,Haploid,missense_variant,0.36306632030708
"OSH2-missense_variant",2608,PKA,GPB1,Haploid,frameshift_variant,-0.364770392607354
"DUS1-missense_variant",2768,PKA,GPB2,Haploid,stop_gained,-0.479763481978893
"SWH1-missense_variant",2776,Diploid,Diploid,Diploid,Diploid,1.26407652326091
"CDC39-missense_variant",2808,Diploid,Diploid,Diploid,Diploid,-0.712205937579274
"NotSequenced",3160,NotSequenced,NotSequenced,NotSequenced,NotSequenced,0
"NotSequenced",3250,NotSequenced,NotSequenced,NotSequenced,NotSequenced,-0.131080856496847
"NotSequenced",3298,NotSequenced,NotSequenced,NotSequenced,NotSequenced,0
"DTR1-stop_gained",3379,Diploid,Diploid,Diploid,Diploid,-0.545142198255354
"YLR157W-D-frameshift_variant",3406,PKA,IRA2,Haploid,missense_variant,0
"None",3481,PKA,IRA2,Haploid,missense_variant,0.0861762721905795
"None",3577,Adaptive Diploid,Diploid + IRA2,Diploid,missense_variant,0.226365298619284
"None",3585,Diploid,Diploid,Diploid,Diploid,-0.377912803960894
"PHR1-missense_variant; POP1-missense_variant",3675,PKA,IRA1,Haploid,missense_variant,-0.350461132549578
"NotSequenced",3730,NotSequenced,NotSequenced,NotSequenced,NotSequenced,0.485447058435466
"None",3920,Diploid,Diploid,Diploid,Diploid,0.948016717829037
"YIL161W-upstream_indel_variant; MAL31-missense_variant",4418,Diploid,Diploid,Diploid,Diploid,-0.0978771935239024
"YPL205C-frameshift_variant; TPO2-missense_variant; GAD1-upstream_point_variant",4691,Diploid,Diploid,Diploid,Diploid,-0.616824710386879
"tL(CAA)G3-upstream_point_variant",4791,Diploid,Diploid,Diploid,Diploid,-0.0285709819653423
"None",4949,PKA,IRA1,Haploid,missense_variant,-0.547979608082504
"None",5564,Adaptive Diploid,Diploid + IRA2,Diploid,stop_gained,0.319046944496847
"NotSequenced",5654,NotSequenced,NotSequenced,NotSequenced,NotSequenced,0.538205919446766
"MIA40-upstream_point_variant",5804,PKA,PDE2,Haploid,frameshift_variant,1.48749484380145
"NotSequenced",6002,NotSequenced,NotSequenced,NotSequenced,NotSequenced,0
"YMR010W-stop_gained; YGR125W-missense_variant",6174,PKA,IRA1,Haploid,frameshift_variant,-0.158666985439847
"None",6271,PKA,PDE2,Haploid,stop_gained,0.0234370633000083
"SYH1-synonymous_variant; YDL144C-synonymous_variant",6391,Adaptive Diploid,Diploid + Chr11Amp,Diploid,Diploid + Chr11Amp,0.431450532174172
"None",6582,PKA,IRA2,Haploid,missense_variant,0.389160989275821
"NotSequenced",6672,NotSequenced,NotSequenced,NotSequenced,NotSequenced,0
"None",6814,Diploid,Diploid,Diploid,Diploid,-0.512711102037851
"NotSequenced",7269,NotSequenced,NotSequenced,NotSequenced,NotSequenced,0.193155737703282
"IMP4-missense_variant; YER156C,COG3-upstream_indel_variant",7291,other,other,other,other,-0.428589810414732
"HEL1-missense_variant; MSS116-synonymous_variant",7375,Diploid,Diploid,Diploid,Diploid,-0.167793217250979
"None",7423,Diploid,Diploid,Diploid,Diploid,0.0309601711580623
"SEC31-synonymous_variant; ERG1-missense_variant; THI3-stop_gained",7538,other,other,other,other,1.80683643221139
"BEM2-missense_variant; YNR071C-missense_variant",7539,Diploid,Diploid,Diploid,Diploid,-0.293013219878285
"NotSequenced",7619,NotSequenced,NotSequenced,NotSequenced,NotSequenced,0
"None",7774,PKA,GPB2,Haploid,stop_gained,-0.985400036958738
"TDH3-missense_variant; YLR257W-upstream_point_variant; HHT2-synonymous_variant",7799,PKA,GPB2,Haploid,missense_variant,0.904457946636037
"ABP1-missense_variant",7836,PKA,IRA1,Haploid,stop_gained,-0.132445391231229
"nan-nan",7953,other,other,other,other,-0.843236005310867
"GRR1-synonymous_variant",7961,PKA,IRA1,Haploid,missense_variant,-0.264283381188037
"MYO5-missense_variant",7994,PKA,PDE2,Haploid,missense_variant,-0.555848852449129
"NotSequenced",8009,NotSequenced,NotSequenced,NotSequenced,NotSequenced,0
"None",8297,PKA,CYR1,Haploid,missense_variant,0.345932905198006
"SHC1-missense_variant; MRPL4-synonymous_variant",8459,Diploid,Diploid,Diploid,Diploid,-0.668084681615943
"ATG32-upstream_indel_variant",8825,other,other,other,other,0.231064760988777
"ACC1-synonymous_variant",9293,Diploid,Diploid,Diploid,Diploid,0.283653623112756
"NotSequenced",9518,NotSequenced,NotSequenced,NotSequenced,NotSequenced,0.644950459268129
"HDA1-missense_variant",9589,Diploid,Diploid,Diploid,Diploid,-0.204251062328578
"PSE1-missense_variant",9689,Diploid,Diploid,Diploid,Diploid,-0.136874994088574
"HEL1-missense_variant",9864,PKA,IRA1,Haploid,stop_gained,-0.127115828839805
"None",9888,PKA,GPB2,Haploid,frameshift_variant,-0.0605655243236105
"MET10-upstream_point_variant",10050,Diploid,Diploid,Diploid,Diploid,0.119801910156222
"PKH1-missense_variant",10103,Adaptive Diploid,Diploid + IRA1,Diploid,missense_variant,0.220254912965461
"nan-nan",10307,other,other,other,other,-0.579879027036717
"None",10316,Diploid,Diploid,Diploid,Diploid,-0.536393772309274
"NotSequenced",10623,NotSequenced,NotSequenced,NotSequenced,NotSequenced,0.055210444112356
"YTA7-missense_variant",10794,PKA,IRA1,Haploid,stop_gained,0.830406227297537
"NotSequenced",10848,NotSequenced,NotSequenced,NotSequenced,NotSequenced,0
"SIR4-upstream_point_variant; MIM1,tS-upstream_indel_variant; tA,-upstream_indel_variant",10851,PKA,GPB2,Haploid,stop_gained,0.326038698066165
"NotSequenced",11056,NotSequenced,NotSequenced,NotSequenced,NotSequenced,0
"NotSequenced",11222,NotSequenced,NotSequenced,NotSequenced,NotSequenced,0
"SPO74-frameshift_variant; HPA2-missense_variant; SCW10-synonymous_variant",11430,PKA,RAS2,Haploid,missense_variant,-0.00231567554576744
"PDC6-upstream_indel_variant",11456,Diploid,Diploid,Diploid,Diploid,-0.716932698703821
"None",11586,Diploid,Diploid,Diploid,Diploid,1.66683355570674
"UFD4-missense_variant",11667,Diploid,Diploid,Diploid,Diploid,-0.540128168306943
"None",11752,PKA,IRA1,Haploid,frameshift_variant,0.479129685312579
"YFL034W-missense_variant",11933,PKA,GPB2,Haploid,frameshift_variant,0.0726678349276095
"MHP1-synonymous_variant",12090,Diploid,Diploid,Diploid,Diploid,0.691219692143541
"None",12752,Diploid,Diploid,Diploid,Diploid,0.122802960429656
"NotSequenced",12757,NotSequenced,NotSequenced,NotSequenced,NotSequenced,0
"NotSequenced",12785,NotSequenced,NotSequenced,NotSequenced,NotSequenced,0
"None",13029,Diploid,Diploid,Diploid,Diploid,-0.77514774765593
"YER133W-A-missense_variant; FIG2-synonymous_variant; SSH1-upstream_indel_variant",13132,PKA,IRA1,Haploid,stop_gained,-0.459727875801146
"nan-nan",13183,other,other,other,other,-0.461310100476653
"None",13852,Diploid,Diploid,Diploid,Diploid,0.708900901332165
"KIP2-upstream_indel_variant",13872,Diploid,Diploid,Diploid,Diploid,-0.0855357960471063
"YNL234W-frameshift_variant; KIN1-synonymous_variant",14160,Diploid,Diploid,Diploid,Diploid,0.220285212448465
"None",14280,PKA,GPB2,Haploid,frameshift_variant,-0.126293022608486
"NotSequenced",14485,NotSequenced,NotSequenced,NotSequenced,NotSequenced,-0.37608252058497
"None",14849,Diploid,Diploid,Diploid,Diploid,0.478327013104863
"NotSequenced",14888,NotSequenced,NotSequenced,NotSequenced,NotSequenced,0
"EAF7-stop_gained",14915,Diploid,Diploid,Diploid,Diploid,-0.226474093556107
"PCD1-synonymous_variant; YDL026W-upstream_point_variant",15221,PKA,IRA1,Haploid,missense_variant,1.54833603630751
"YEL043W-missense_variant; MSK1-upstream_indel_variant; YGL036W-missense_variant",15232,PKA,IRA1,Haploid,frameshift_variant,-0.242558824824564
"VPS3-synonymous_variant",15337,Diploid,Diploid,Diploid,Diploid,-0.161896042797069
"tW,HIP1-upstream_indel_variant; YOL159C-missense_variant; UTP20-missense_variant; DED81-missense_variant",15787,PKA,PDE2,Haploid,missense_variant,-0.513003126578675
"NotSequenced",15922,NotSequenced,NotSequenced,NotSequenced,NotSequenced,0
"NotSequenced",16720,NotSequenced,NotSequenced,NotSequenced,NotSequenced,-0.0925107566543809
"NotSequenced",16835,NotSequenced,NotSequenced,NotSequenced,NotSequenced,0
"LCP5-upstream_indel_variant; PTC3-synonymous_variant; TPS2-missense_variant",17499,other,other,other,other,0.672210695169393
"NotSequenced",17615,ExpNeutral,NotSequenced,NotSequenced,NotSequenced,0
"None",17691,PKA,GPB2,Haploid,stop_gained,-0.808126935973259
"YLR177W-missense_variant; TUL1-synonymous_variant; RNH202-stop_gained; PGM1-upstream_point_variant",17927,PKA,IRA2,Haploid,frameshift_variant,-0.637169092560093
"KTI12-missense_variant",18152,other,other,other,other,0.0605208742684636
"HXT8-synonymous_variant; SSD1-missense_variant",18200,PKA,IRA2,Haploid,missense_variant,-0.514676664560615
"None",18352,Diploid,Diploid,Diploid,Diploid,0.164562261163219
"FKS1-synonymous_variant; GEP4-upstream_indel_variant",18420,PKA,IRA1,Haploid,frameshift_variant,0.565405879662322
"NotSequenced",18501,NotSequenced,NotSequenced,NotSequenced,NotSequenced,-0.122823685048637
"None",18860,Diploid,Diploid,Diploid,Diploid,-0.419433644704479
"TRT2,CBT1-upstream_indel_variant; PAU19-inframe_insertion",18950,Diploid,Diploid,Diploid,Diploid,-0.495281901242511
"RPO21-missense_variant",19184,PKA,PDE2,Haploid,frameshift_variant,-0.925531705877137
"RGA1-synonymous_variant",19219,Diploid,Diploid,Diploid,Diploid,-0.518509700158255
"DBP1-missense_variant",19296,PKA,IRA1,Haploid,missense_variant,-0.577641224959408
"None",19297,Diploid,Diploid,Diploid,Diploid,-0.6623100091457
"NotSequenced",19379,NotSequenced,NotSequenced,NotSequenced,NotSequenced,-0.479863011166692
"tV,YKL068W-A-upstream_indel_variant",19407,PKA,GPB2,Haploid,frameshift_variant,-0.0838613053319823
"YLR162W-upstream_point_variant; RDN5-6-non_coding_transcript_exon_variant,non_coding_transcript_variant",19697,Diploid,Diploid,Diploid,Diploid,-0.789605055383956
"SWI6-missense_variant; SRL1-synonymous_variant; MSK1-upstream_indel_variant; MRS6-missense_variant",19707,Diploid,Diploid,Diploid,Diploid,-0.0104266145529621
"STE23-missense_variant; RRP5-upstream_point_variant",19795,Diploid,Diploid,Diploid,Diploid,0.505998310822575
"tQ(UUG)C-upstream_indel_variant",19894,other,other,other,other,0.427489845037386
"PEX17-missense_variant",20083,Diploid,Diploid,Diploid,Diploid,0.0250380604046953
"NotSequenced",20231,NotSequenced,NotSequenced,NotSequenced,NotSequenced,0
"APM2-upstream_indel_variant",20464,Diploid,Diploid,Diploid,Diploid,-0.596145167365805
"NotSequenced",20596,NotSequenced,NotSequenced,NotSequenced,NotSequenced,0
"YAR023C,SUP56-upstream_indel_variant",20632,other,other,other,other,-0.115636613228643
"RER2-missense_variant",20873,PKA,IRA1,Haploid,missense_variant,-0.155933201025854
"None",20967,PKA,PDE2,Haploid,stop_gained,-0.211708487297627
"NotSequenced",21354,NotSequenced,NotSequenced,NotSequenced,NotSequenced,0
"None",21440,Diploid,Diploid,Diploid,Diploid,1.08140644082423
"NotSequenced",21529,NotSequenced,NotSequenced,NotSequenced,NotSequenced,0
"None",21543,PKA,TOR1,Haploid,missense_variant,-0.674402824283973
"None",21625,Diploid,Diploid,Diploid,Diploid,-0.892900962128917
"MLH1-missense_variant",21956,PKA,IRA2,Haploid,missense_variant,0.191231641320735
"HAP1-upstream_point_variant; SIS1-missense_variant; RPL19B-upstream_point_variant",21967,PKA,IRA1,Haploid,stop_gained,0.853479892269885
"None",22011,Diploid,Diploid,Diploid,Diploid,-0.496728450570818
"NotSequenced",22162,NotSequenced,NotSequenced,NotSequenced,NotSequenced,1.08339185434304
"YMR018W-upstream_indel_variant",22360,Diploid,Diploid,Diploid,Diploid,-0.0907514272571538
"NotSequenced",22372,NotSequenced,NotSequenced,NotSequenced,NotSequenced,0.312460205887168
"ALE1-missense_variant",22469,Diploid,Diploid,Diploid,Diploid,-0.330467977648249
"NotSequenced",22669,NotSequenced,NotSequenced,NotSequenced,NotSequenced,-0.463386634216473
"NotSequenced",22713,NotSequenced,NotSequenced,NotSequenced,NotSequenced,0
"YRR1-upstream_point_variant; ASG1-stop_gained; FYV10-upstream_indel_variant",23065,Diploid,Diploid,Diploid,Diploid,0
"None",23688,PKA,GPB2,Haploid,stop_gained,1.52531182267619
"NotSequenced",23712,NotSequenced,NotSequenced,NotSequenced,NotSequenced,0
"YNR062C-synonymous_variant",23868,PKA,IRA1,Haploid,stop_gained,-0.388330687951384
"NotSequenced",23882,NotSequenced,NotSequenced,NotSequenced,NotSequenced,0
"nan-nan",24151,other,other,other,other,0.463358637517909
"NotSequenced",24362,ExpNeutral,NotSequenced,NotSequenced,NotSequenced,0
"None",24737,PKA,KOG1,Haploid,missense_variant,-0.00668795603334117
"NotSequenced",24758,NotSequenced,NotSequenced,NotSequenced,NotSequenced,0
"LPL1-upstream_point_variant",24858,Diploid,Diploid,Diploid,Diploid,-0.165307145328406
"None",25531,PKA,IRA1,Haploid,stop_gained,0.906564229081396
"PPE1-missense_variant; YOX1-synonymous_variant",25747,PKA,IRA2,Haploid,missense_variant,-0.660962515970217
"None",25780,PKA,IRA1,Haploid,missense_variant,0.659016289412662
"None",26106,Diploid,Diploid,Diploid,Diploid,-0.0374887671994762
"UBI4-frameshift_variant",26612,other,other,other,other,-0.878909708649178
"NotSequenced",26885,NotSequenced,NotSequenced,NotSequenced,NotSequenced,0
"NotSequenced",27142,NotSequenced,NotSequenced,NotSequenced,NotSequenced,0
"None",27346,Diploid,Diploid,Diploid,Diploid,-1.02775770434948
"NUP157-missense_variant; YPR015C-missense_variant",27473,Adaptive Diploid,Diploid + Chr12Amp,Diploid,Diploid + Chr12Amp,-0.687622439934899
"NotSequenced",27866,NotSequenced,NotSequenced,NotSequenced,NotSequenced,0
"None",28533,Diploid,Diploid,Diploid,Diploid,0.467101849748629
"SRP101-synonymous_variant; YER138W-A-upstream_point_variant",28740,PKA,IRA1,Haploid,frameshift_variant,-0.657957247571385
"None",28888,Diploid,Diploid,Diploid,Diploid,-0.479644650540449
"NotSequenced",29261,NotSequenced,NotSequenced,NotSequenced,NotSequenced,0
"nan-nan",29375,other,other,other,other,0.0358962220408973
"NotSequenced",29473,NotSequenced,NotSequenced,NotSequenced,NotSequenced,-0.655646229379885
"None",29840,Diploid,Diploid,Diploid,Diploid,-0.403228213296764
"None",30578,PKA,IRA1,Haploid,frameshift_variant,0.99550760644659
"YBR027C-frameshift_variant",30769,Diploid,Diploid,Diploid,Diploid,-0.16917945238962
"SEN1-upstream_point_variant",30795,Diploid,Diploid,Diploid,Diploid,-0.764409797864449
"YOR032W-A-upstream_point_variant",31360,PKA,IRA1,Haploid,stop_gained,0.22208204744731
"API2-upstream_point_variant; SRG1-non_coding_transcript_exon_variant,non_coding_transcript_variant; BOS1-missense_variant",31607,Diploid,Diploid,Diploid,Diploid,-0.431853882225429
"None",32075,Diploid,Diploid,Diploid,Diploid,0.443803928317619
"NotSequenced",32201,NotSequenced,NotSequenced,NotSequenced,NotSequenced,0.0669324906812562
"None",32262,PKA,IRA2,Haploid,missense_variant,-0.140973570357878
"ECM29-missense_variant",32675,Diploid,Diploid,Diploid,Diploid,-1.02305401421947
"None",32685,Diploid,Diploid,Diploid,Diploid,-0.213783057513286
"NotSequenced",33409,NotSequenced,NotSequenced,NotSequenced,NotSequenced,0
"None",33617,PKA,GPB2,Haploid,frameshift_variant,-0.537447868955228
"None",33976,Diploid,Diploid,Diploid,Diploid,0.0593202415055686
"nan-nan",34189,other,other,other,other,-0.512650794268007
"None",34808,Diploid,Diploid,Diploid,Diploid,-0.246954708666093
"None",35898,Diploid,Diploid,Diploid,Diploid,0.296940878778215
"None",37238,Diploid,Diploid,Diploid,Diploid,-0.746627507629432
"PTR3-synonymous_variant",37241,Diploid,Diploid,Diploid,Diploid,0.46035245485419
"NotSequenced",38775,NotSequenced,NotSequenced,NotSequenced,NotSequenced,-0.240950770892805
"NotSequenced",38970,NotSequenced,NotSequenced,NotSequenced,NotSequenced,0
"RAD30-synonymous_variant",39066,other,other,other,other,-0.74328750958171
"CDC11-upstream_indel_variant; SAC7-missense_variant; SIR4-missense_variant",39270,Diploid,Diploid,Diploid,Diploid,0.153042913149879
"RPO41-synonymous_variant; tA,-upstream_indel_variant",39633,other,other,other,other,-0.216851065034409
"RCF2-upstream_point_variant",39674,PKA,GPB1,Haploid,stop_gained,-0.453129273659744
"None",40409,PKA,IRA1,Haploid,frameshift_variant,0.101011478904787
"None",40779,Diploid,Diploid,Diploid,Diploid,-0.701910850388739
"USO1-upstream_indel_variant",40865,Diploid,Diploid,Diploid,Diploid,-0.299889174705897
"None",41484,Diploid,Diploid,Diploid,Diploid,0.556988270093044
"ATG23-missense_variant",41601,other,other,other,other,0.0659908280430139
"NotSequenced",42040,ExpNeutral,NotSequenced,NotSequenced,NotSequenced,0.00160864183551825
"None",42331,PKA,IRA2,Haploid,stop_gained,0.0866204702006852
"ESC1-missense_variant",42575,Diploid,Diploid,Diploid,Diploid,0.662814414193915
"YPL168W-missense_variant; YER135C,tV-upstream_indel_variant",43155,PKA,TFS1,Haploid,missense_variant,-0.927950416703979
"YGL014C-A-upstream_indel_variant; PSY3-upstream_indel_variant",43361,PKA,IRA1,Haploid,missense_variant,0.878069837537622
"None",43483,PKA,IRA1,Haploid,frameshift_variant,-0.389002825513541
"None",43692,PKA,CYR1,Haploid,missense_variant,-0.391708642704345
"NotSequenced",44777,NotSequenced,NotSequenced,NotSequenced,NotSequenced,-0.493112638118974
"SNR3-upstream_indel_variant; YBR285W-upstream_point_variant; SCW11-missense_variant",44905,Diploid,Diploid,Diploid,Diploid,-0.363246623742454
"NotSequenced",44966,NotSequenced,NotSequenced,NotSequenced,NotSequenced,0.321727093676217
"NotSequenced",44971,NotSequenced,NotSequenced,NotSequenced,NotSequenced,-0.235689081213647
"SUP35-missense_variant; YOR283W-missense_variant",45031,other,other,other,other,-0.262802602825227
"SCO2-synonymous_variant",45512,other,other,other,other,-0.233810679993931
"NotSequenced",45865,NotSequenced,NotSequenced,NotSequenced,NotSequenced,-0.0813777632893799
"NotSequenced",46200,NotSequenced,NotSequenced,NotSequenced,NotSequenced,-0.890431480139494
"None",46313,Diploid,Diploid,Diploid,Diploid,-0.165589760908673
"NotSequenced",46892,NotSequenced,NotSequenced,NotSequenced,NotSequenced,0
"DNF3-missense_variant",46938,Diploid,Diploid,Diploid,Diploid,-1.20456969667858
"None",47877,Diploid,Diploid,Diploid,Diploid,0.0927858444375057
"NotSequenced",48822,NotSequenced,NotSequenced,NotSequenced,NotSequenced,-0.410868641191682
"NotSequenced",48904,NotSequenced,NotSequenced,NotSequenced,NotSequenced,0.187138969597542
"nan-nan",49174,other,other,other,other,-0.046282759924728
"NotSequenced",50212,NotSequenced,NotSequenced,NotSequenced,NotSequenced,0
"None",50232,Diploid,Diploid,Diploid,Diploid,-0.112621250442433
"PDC2-missense_variant; FHN1-upstream_point_variant",50286,Diploid,Diploid,Diploid,Diploid,-0.180037159859581
"None",50878,Diploid,Diploid,Diploid,Diploid,-0.379686711944541
"NotSequenced",50880,NotSequenced,NotSequenced,NotSequenced,NotSequenced,-0.183691927134758
"None",51200,Diploid,Diploid,Diploid,Diploid,-0.0827454032152748
"NotSequenced",51455,NotSequenced,NotSequenced,NotSequenced,NotSequenced,-0.351483244131967
"VMA6-upstream_point_variant; DSD1-missense_variant",52221,Diploid,Diploid,Diploid,Diploid,0.377932033746061
"DTD1-upstream_point_variant",52560,Diploid,Diploid,Diploid,Diploid,-0.0416416746064534
"ATG17-upstream_point_variant",53054,other,other,other,other,-0.228895326311437
"NotSequenced",53230,NotSequenced,NotSequenced,NotSequenced,NotSequenced,0.501731484545068
"YAP1802-upstream_point_variant; FIR1-missense_variant",54461,other,other,other,other,-0.365810262383358
"None",55340,Diploid,Diploid,Diploid,Diploid,-1.09303626147908
"None",55577,Diploid,Diploid,Diploid,Diploid,0.0736763578445439
"None",55847,Diploid,Diploid,Diploid,Diploid,-0.800082362867403
"NotSequenced",56993,NotSequenced,NotSequenced,NotSequenced,NotSequenced,0
"None",57117,PKA,IRA1,Haploid,stop_gained,-0.258779955035023
"None",57408,Diploid,Diploid,Diploid,Diploid,0.0136306213073866
"NotSequenced",57887,NotSequenced,NotSequenced,NotSequenced,NotSequenced,0
"nan-nan",58107,other,other,other,other,-0.191596863016805
"None",58189,Diploid,Diploid,Diploid,Diploid,-0.367157561194573
"NFI1-synonymous_variant",58400,Diploid,Diploid,Diploid,Diploid,-0.58609189645667
"NotSequenced",59345,NotSequenced,NotSequenced,NotSequenced,NotSequenced,-0.51896589887155
"SNF2-synonymous_variant",59822,Diploid,Diploid,Diploid,Diploid,-0.550838806283321
"NAM9-upstream_point_variant; ERG1-missense_variant",59999,Diploid,Diploid,Diploid,Diploid,-0.304339144523665
"tQ,-upstream_indel_variant; YMR295C-upstream_point_variant",60333,other,other,other,other,-0.73399186798977
"nan-nan",60549,other,other,other,other,-0.418218695718924
"SSK2-stop_gained",60700,other,other,other,other,-0.986128346744048
"None",60959,Diploid,Diploid,Diploid,Diploid,-0.117212903900421
"None",60973,Diploid,Diploid,Diploid,Diploid,0.378443443661475
"TRM13-upstream_point_variant",61570,Diploid,Diploid,Diploid,Diploid,-0.332703469009448
"CDC34-synonymous_variant",62344,Diploid,Diploid,Diploid,Diploid,-0.285950459762198
"ATH1-frameshift_variant; GIS1-upstream_indel_variant",62701,Diploid,Diploid,Diploid,Diploid,-0.42809997410887
"MET4-stop_gained",63215,PKA,GPB2,Haploid,stop_gained,-0.494662451977223
"SKG6-missense_variant",63382,Diploid,Diploid,Diploid,Diploid,0.971956103847229
"NotSequenced",63891,NotSequenced,NotSequenced,NotSequenced,NotSequenced,0
"NotSequenced",64115,NotSequenced,NotSequenced,NotSequenced,NotSequenced,-0.0309329884383975
"SEN1-missense_variant; tV,YKL068W-A-upstream_indel_variant",64731,other,other,other,other,-0.355583645647087
"GUT2-missense_variant; tE(UUC)C-upstream_indel_variant",65196,Diploid,Diploid,Diploid,Diploid,-0.417247263990901
"MSH3-synonymous_variant",65266,Diploid,Diploid,Diploid,Diploid,-0.687508484366154
"None",65692,Diploid,Diploid,Diploid,Diploid,-0.0570720778355361
"None",65819,PKA,IRA1,Haploid,missense_variant,0.562547977938532
"NotSequenced",66652,NotSequenced,NotSequenced,NotSequenced,NotSequenced,0.0605427088979491
"None",67711,Diploid,Diploid,Diploid,Diploid,-0.567171617191634
"PRP5-upstream_point_variant",68197,Diploid,Diploid,Diploid,Diploid,-0.329599793089189
"None",69575,Diploid,Diploid,Diploid,Diploid,-0.673484988058093
"NotSequenced",69928,NotSequenced,NotSequenced,NotSequenced,NotSequenced,-0.429776315241244
"RPR1-non_coding_transcript_exon_variant,non_coding_transcript_variant",70033,other,other,other,other,-0.288960216130899
"VRG4-upstream_indel_variant; FIT1-frameshift_variant",70408,other,other,other,other,-0.410863613084616
"tE(UUC)C-upstream_indel_variant; YIL071W-A-missense_variant; APM2-upstream_indel_variant",70433,PKA,PDE2,Haploid,frameshift_variant,-0.365277736871541
"PSY3-upstream_indel_variant; YLR345W-stop_gained",70812,Diploid,Diploid,Diploid,Diploid,0.785274441418974
"UBP5-upstream_point_variant; SCL1-missense_variant",70982,Diploid,Diploid,Diploid,Diploid,-0.0885991701937214
"None",71109,Adaptive Diploid,Diploid + Chr11Amp,Diploid,Diploid + Chr11Amp,0.0410244906152819
"MGM101-missense_variant",71696,Diploid,Diploid,Diploid,Diploid,-0.545669089188574
"PMC1-missense_variant",71751,Adaptive Diploid,Diploid + Chr11Amp,Diploid,Diploid + Chr11Amp,0.780555842721164
"NotSequenced",71926,ExpNeutral,NotSequenced,NotSequenced,NotSequenced,0.108662132302213
"MIG3-frameshift_variant; SEC8-missense_variant",72008,other,other,other,other,0.688351914432554
"HSP42-upstream_point_variant",72395,other,other,other,other,-0.942235633841787
"None",72591,Diploid,Diploid,Diploid,Diploid,-0.209569244384253
"NotSequenced",72939,ExpNeutral,NotSequenced,NotSequenced,NotSequenced,-0.0330402985442393
"NotSequenced",73802,ExpNeutral,NotSequenced,NotSequenced,NotSequenced,-0.263874651064688
"NUT2-upstream_indel_variant; HXT2-missense_variant; tE(UUC)C-upstream_indel_variant",73881,Diploid,Diploid,Diploid,Diploid,0.699392584300779
"TRM44-missense_variant; PSA1-upstream_point_variant",74033,Diploid,Diploid,Diploid,Diploid,0.0455038342608431
"YRO2-upstream_point_variant; MZM1-missense_variant; SUF1,-upstream_indel_variant",74280,other,other,other,other,0.306425331058139
"SRB4-missense_variant",75144,Diploid,Diploid,Diploid,Diploid,-0.524402343887136
"None",75669,PKA,GPB1,Haploid,stop_gained,0.745283745899962
"SCC2-missense_variant; YPK9-synonymous_variant; EFM3-missense_variant",75841,Diploid,Diploid,Diploid,Diploid,-0.984972211314326
"None",76616,Diploid,Diploid,Diploid,Diploid,0.198404237383517
"FUN12-missense_variant; RPL11B-upstream_indel_variant",77609,other,other,other,other,-0.229522832190613
"NotSequenced",77824,NotSequenced,NotSequenced,NotSequenced,NotSequenced,0.984041480730152
"GAL1-synonymous_variant; ATG32-upstream_indel_variant; SIR4-missense_variant",78232,Diploid,Diploid,Diploid,Diploid,-0.337057582057376
"FAR3-frameshift_variant; PFK27-upstream_point_variant; GUP1-upstream_point_variant; TRK2-missense_variant; YNL033W-upstream_point_variant",78573,Diploid,Diploid,Diploid,Diploid,-0.377614134506917
"DON1-missense_variant; SPO1-frameshift_variant; RAD16-missense_variant",79953,other,other,other,other,-0.237340580147892
"RBG1-missense_variant; NAR1-missense_variant",81798,Diploid,Diploid,Diploid,Diploid,0.465903374869186
"VPS36-upstream_indel_variant",82806,Diploid,Diploid,Diploid,Diploid,-0.446844031381858
"NotSequenced",83255,NotSequenced,NotSequenced,NotSequenced,NotSequenced,0.0344409178116965
"None",83504,Diploid,Diploid,Diploid,Diploid,-0.237190105643278
"None",83967,Diploid,Diploid,Diploid,Diploid,-0.63043601230023
"None",84597,Diploid,Diploid,Diploid,Diploid,-0.751083918381892
"nan-nan",84997,other,other,other,other,-0.556778414176847
"NotSequenced",85702,NotSequenced,NotSequenced,NotSequenced,NotSequenced,0
"None",85751,Diploid,Diploid,Diploid,Diploid,0.107916547227956
"ZRG17-missense_variant; UTR2-upstream_point_variant; RSN1-frameshift_variant",87689,Diploid,Diploid,Diploid,Diploid,-0.429093894864241
"SLX5-frameshift_variant; NCL1-upstream_point_variant",88494,other,other,other,other,-0.479513389780491
"BRR2-missense_variant; GDE1-missense_variant; GIS1-upstream_indel_variant",88706,Diploid,Diploid,Diploid,Diploid,0.347510895157388
"None",89848,Diploid,Diploid,Diploid,Diploid,0.250555995431039
"SLX1-missense_variant",90003,Diploid,Diploid,Diploid,Diploid,-0.679555107222558
"NotSequenced",90234,NotSequenced,NotSequenced,NotSequenced,NotSequenced,0
"None",91807,Diploid,Diploid,Diploid,Diploid,-0.691438659576081
"NotSequenced",93581,NotSequenced,NotSequenced,NotSequenced,NotSequenced,0
"NotSequenced",94393,NotSequenced,NotSequenced,NotSequenced,NotSequenced,-0.16874009445969
"NotSequenced",96078,NotSequenced,NotSequenced,NotSequenced,NotSequenced,0
"nan-nan",99005,other,other,other,other,-0.879230675033537
"None",99035,Diploid,Diploid,Diploid,Diploid,0.0702829159179736
"NotSequenced",100501,NotSequenced,NotSequenced,NotSequenced,NotSequenced,0.662281264194056
"MUP1-missense_variant",100895,Diploid,Diploid,Diploid,Diploid,-0.442734628554336
"None",101051,Diploid,Diploid,Diploid,Diploid,0.0479166441978292
"None",101506,Diploid,Diploid,Diploid,Diploid,0.584247560374398
"NotSequenced",104216,NotSequenced,NotSequenced,NotSequenced,NotSequenced,-0.414353562227651
"TPT1-missense_variant",104261,Diploid,Diploid,Diploid,Diploid,0.796743317099161
"TMN2-missense_variant",104349,other,other,other,other,0.724973449502013
"nan-nan",105497,other,other,other,other,-0.373988581628473
"NotSequenced",106257,NotSequenced,NotSequenced,NotSequenced,NotSequenced,0
"YGR164W-frameshift_variant",107286,other,other,other,other,-0.0413022489454117
"YHR145C-frameshift_variant",107751,other,other,other,other,-1.09619369659754
"NotSequenced",107859,NotSequenced,NotSequenced,NotSequenced,NotSequenced,-0.396505059672297
"nan-nan",107971,other,other,other,other,-0.269411675021414
"NotSequenced",109476,ExpNeutral,NotSequenced,NotSequenced,NotSequenced,-1.0641620081686
"YKR104W-synonymous_variant",110443,Diploid,Diploid,Diploid,Diploid,-0.435892863442015
"None",111905,Diploid,Diploid,Diploid,Diploid,1.39000653349651
"None",112239,Diploid,Diploid,Diploid,Diploid,-0.175387034096391
"MPC3-missense_variant",112427,other,other,other,other,0.130453207637043
"None",113468,Diploid,Diploid,Diploid,Diploid,-0.499526331297636
"NotSequenced",113483,ExpNeutral,NotSequenced,NotSequenced,NotSequenced,-0.568876637836913
"HBS1-missense_variant",113978,Diploid,Diploid,Diploid,Diploid,0.286544588696836
"NotSequenced",114268,NotSequenced,NotSequenced,NotSequenced,NotSequenced,0
"tE(CUC)I-non_coding_transcript_exon_variant,non_coding_transcript_variant; YKL177W-upstream_point_variant; CIN5-missense_variant",114628,Diploid,Diploid,Diploid,Diploid,-0.866554589381424
"TRM13-missense_variant; RDH54-frameshift_variant; ATG32-upstream_indel_variant; RRI2-upstream_point_variant; YOL118C-frameshift_variant",115150,Diploid,Diploid,Diploid,Diploid,-0.03853708562519
"None",116916,Diploid,Diploid,Diploid,Diploid,-0.727053818386555
"TOS1-upstream_point_variant; YGR210C-missense_variant",117630,other,other,other,other,-0.720706132311305
"IKI3-synonymous_variant; YNR063W-upstream_point_variant",117631,Diploid,Diploid,Diploid,Diploid,-0.489021749037454
"MDH2-upstream_point_variant",118509,Diploid,Diploid,Diploid,Diploid,0.402041758886425
"GLN4-synonymous_variant",118921,Diploid,Diploid,Diploid,Diploid,-0.324613088959384
"nan-nan",119403,other,other,other,other,-0.727254303257314
"nan-upstream_indel_variant",120600,ExpNeutral,other,other,other,-0.333599052441311
"None",120939,Diploid,Diploid,Diploid,Diploid,-0.666639369209679
"FKS1-missense_variant; YPL257W-upstream_point_variant; SUP5-upstream_indel_variant",121650,other,other,other,other,1.00551840791895
"NNF2-upstream_point_variant",121806,PKA,GPB2,Haploid,stop_gained,-0.590300813724617
"UTP15-missense_variant",121915,Diploid,Diploid,Diploid,Diploid,-0.302355889951294
"YLR326W-missense_variant; YLR157W-D-frameshift_variant",122137,Diploid,Diploid,Diploid,Diploid,0.658579537822491
"YIL169C-missense_variant",122302,other,other,other,other,-0.771936550505455
"NotSequenced",124210,NotSequenced,NotSequenced,NotSequenced,NotSequenced,-0.470235045006256
"NotSequenced",128188,NotSequenced,NotSequenced,NotSequenced,NotSequenced,0.104794369499449
"RPS11B-intron_variant; FAR11-missense_variant",129569,Diploid,Diploid,Diploid,Diploid,0.143178197327834
"ZEO1-synonymous_variant",132735,Diploid,Diploid,Diploid,Diploid,0.0701119128644972
"PES4-frameshift_variant",132805,other,other,other,other,-0.264181777847394
"NotSequenced",134179,NotSequenced,NotSequenced,NotSequenced,NotSequenced,0
"NotSequenced",134852,ExpNeutral,NotSequenced,NotSequenced,NotSequenced,-0.627210883149683
"NotSequenced",134867,NotSequenced,NotSequenced,NotSequenced,NotSequenced,-0.524508740583327
"YEL067C-upstream_point_variant",134904,Diploid,Diploid,Diploid,Diploid,0.278431545802898
"BEM2-stop_gained",135117,Diploid,Diploid,Diploid,Diploid,-0.991926220796809
"YBR027C-frameshift_variant",135215,Diploid,Diploid,Diploid,Diploid,-0.399981883826874
"SUP7-upstream_indel_variant",142054,other,other,other,other,-0.441097648256403
"NDC80-synonymous_variant",142144,Diploid,Diploid,Diploid,Diploid,0.0011683781661539
"ARR2-upstream_point_variant",142859,Diploid,Diploid,Diploid,Diploid,0.392207972662042
"FYV10-upstream_indel_variant",143026,other,other,other,other,1.13286828338904
"SSB2-synonymous_variant",143344,other,other,other,other,2.22933690930786
"None",144535,Diploid,Diploid,Diploid,Diploid,-0.546152269041035
"NotSequenced",144969,NotSequenced,NotSequenced,NotSequenced,NotSequenced,-0.62277245963391
"None",145113,Diploid,Diploid,Diploid,Diploid,-0.619619533594221
"BMT2-upstream_point_variant; SEC61-missense_variant",147119,Diploid,Diploid,Diploid,Diploid,-0.220885610916854
"None",148821,Diploid,Diploid,Diploid,Diploid,0.00573693539699078
"None",149824,Diploid,Diploid,Diploid,Diploid,-0.923463107669936
"NotSequenced",151158,NotSequenced,NotSequenced,NotSequenced,NotSequenced,0
"nan-nan",151541,other,other,other,other,0.643217974957241
"tL(UAA)K-upstream_point_variant; tI,YLR232W-upstream_indel_variant",152081,Diploid,Diploid,Diploid,Diploid,0.479036610837303
"WSC3-missense_variant",152501,Diploid,Diploid,Diploid,Diploid,-0.587801315716508
"NotSequenced",153016,NotSequenced,NotSequenced,NotSequenced,NotSequenced,0
"None",154660,Diploid,Diploid,Diploid,Diploid,0.517919189611554
"tI,YNL034W-upstream_indel_variant; PMT1-synonymous_variant",159038,Diploid,Diploid,Diploid,Diploid,-0.451931523216611
"YKR012C-upstream_indel_variant; FRS2-upstream_point_variant; POM152-stop_gained",159633,Diploid,Diploid,Diploid,Diploid,0.334960850938358
"YJL045W-missense_variant",161840,Diploid,Diploid,Diploid,Diploid,-0.21650557537861
"VPS13-missense_variant; SUF17-upstream_point_variant",163510,Diploid,Diploid,Diploid,Diploid,0.408224042392832
"MET32-upstream_point_variant",164130,Diploid,Diploid,Diploid,Diploid,-0.417974076612836
"YEF3-missense_variant; YGR053C-upstream_point_variant; NCL1-upstream_point_variant; SFG1-missense_variant; tE(UUC)C-upstream_indel_variant",164627,other,other,other,other,-0.414631828593717
"FAT3-missense_variant; TUB2-missense_variant",170554,Diploid,Diploid,Diploid,Diploid,-0.379194882180096
"FRT1-missense_variant",170814,Diploid,Diploid,Diploid,Diploid,0.376825041032895
"CYC3-upstream_point_variant; PST2-upstream_point_variant",171083,other,other,other,other,-0.699931299910825
"NotSequenced",175091,NotSequenced,NotSequenced,NotSequenced,NotSequenced,-0.665183847415705
"BRO1-stop_gained",176764,Diploid,Diploid,Diploid,Diploid,-0.305797262728775
"EAR1-missense_variant",178096,Diploid,Diploid,Diploid,Diploid,-0.455048095826778
"TRM11-missense_variant",179100,PKA,PDE2,Haploid,frameshift_variant,-0.871023219876396
"None",179213,Diploid,Diploid,Diploid,Diploid,0.958133698149567
"RPS25B-upstream_point_variant",180905,Diploid,Diploid,Diploid,Diploid,0.402345878932204
"NotSequenced",183570,NotSequenced,NotSequenced,NotSequenced,NotSequenced,0.30028943654228
"NotSequenced",187133,NotSequenced,NotSequenced,NotSequenced,NotSequenced,0.734824590092522
"None",187691,Diploid,Diploid,Diploid,Diploid,1.85609402057588
"None",189102,Diploid,Diploid,Diploid,Diploid,-0.792385110748612
"None",191298,PKA,IRA1,Haploid,upstream_point_variant,-0.574293440780319
"NotSequenced",192852,NotSequenced,NotSequenced,NotSequenced,NotSequenced,-0.431257597716752
"NotSequenced",193269,NotSequenced,NotSequenced,NotSequenced,NotSequenced,-0.238396607651249
"None",194622,Diploid,Diploid,Diploid,Diploid,-0.346601997849773
"RML2-upstream_point_variant; VRG4-upstream_indel_variant",195473,other,other,other,other,-0.240997476597615
"RTT102-missense_variant; PBP1-missense_variant; HSX1-upstream_indel_variant",195887,other,other,other,other,-0.0366595560498079
"PSP1-synonymous_variant; YDR134C-upstream_indel_variant",197765,Diploid,Diploid,Diploid,Diploid,-0.812975826181769
"DSD1-missense_variant",198950,Diploid,Diploid,Diploid,Diploid,-0.728434949180334
"None",200512,Diploid,Diploid,Diploid,Diploid,-0.0927204338692856
"DOG1-upstream_point_variant; LOT5-upstream_point_variant",201777,Diploid,Diploid,Diploid,Diploid,-0.370333359469314
"NotSequenced",201919,NotSequenced,NotSequenced,NotSequenced,NotSequenced,-0.126263212638893
"None",202468,Diploid,Diploid,Diploid,Diploid,0.202609995724239
"nan-nan",205157,other,other,other,other,0.246633615893329
"None",206713,Diploid,Diploid,Diploid,Diploid,-0.114493190593743
"YGR174W-A-upstream_point_variant; INP53-missense_variant",207058,Diploid,Diploid,Diploid,Diploid,0.314879160292169
"NotSequenced",207732,NotSequenced,NotSequenced,NotSequenced,NotSequenced,0
"CHS3-missense_variant",208465,other,other,other,other,-0.137060940349989
"NotSequenced",208839,NotSequenced,NotSequenced,NotSequenced,NotSequenced,0
"YLR419W-missense_variant",210734,Diploid,Diploid,Diploid,Diploid,1.0914276886686
"POP1-missense_variant; FUN19-frameshift_variant",211106,Diploid,Diploid,Diploid,Diploid,-0.541438515809528
"None",214211,Diploid,Diploid,Diploid,Diploid,0.146362395471457
"NotSequenced",215309,NotSequenced,NotSequenced,NotSequenced,NotSequenced,-0.40743642027295
"None",215325,Diploid,Diploid,Diploid,Diploid,-0.491350989950939
"tL-upstream_indel_variant; HOM6-upstream_point_variant; DFM1-synonymous_variant; tA,MRPL3-upstream_indel_variant",217798,PKA,GPB1,Haploid,missense_variant,-0.136710843828226
"None",225065,Diploid,Diploid,Diploid,Diploid,-0.440905950242115
"IES3-missense_variant; tV,YKL068W-A-upstream_indel_variant; SEC4-synonymous_variant; LAA1-synonymous_variant",225103,other,other,other,other,-0.942948296947129
"NotSequenced",225923,NotSequenced,NotSequenced,NotSequenced,NotSequenced,-0.477923430030734
"NotSequenced",226111,NotSequenced,NotSequenced,NotSequenced,NotSequenced,0
"NotSequenced",227000,NotSequenced,NotSequenced,NotSequenced,NotSequenced,0
"tR,-upstream_indel_variant; FOX2-frameshift_variant",229920,PKA,CYR1,Haploid,missense_variant,0.322576948384934
"nan-nan",230962,other,other,other,other,-0.448929685188611
"NotSequenced",231364,NotSequenced,NotSequenced,NotSequenced,NotSequenced,0
"None",232264,Diploid,Diploid,Diploid,Diploid,-0.470297318481138
"NotSequenced",233954,NotSequenced,NotSequenced,NotSequenced,NotSequenced,0
"None",237576,Diploid,Diploid,Diploid,Diploid,-0.746473602047865
"nan-nan",238413,other,other,other,other,-0.0543645370393386
"nan-nan",239769,other,other,other,other,-0.280961582603602
"YLL066W-B-frameshift_variant",241857,other,other,other,other,-0.534890680126011
"None",244443,Diploid,Diploid,Diploid,Diploid,0.171530126015585
"NotSequenced",246829,NotSequenced,NotSequenced,NotSequenced,NotSequenced,1.64727453817381
"FYV10-upstream_indel_variant",247616,other,other,other,other,0.287509701858737
"NotSequenced",248136,NotSequenced,NotSequenced,NotSequenced,NotSequenced,0
"NotSequenced",251379,NotSequenced,NotSequenced,NotSequenced,NotSequenced,-0.629120351764014
"TCB2-upstream_point_variant; SUP51,CYR1-upstream_indel_variant; DMA1-frameshift_variant; LEU4-missense_variant; BAT1-upstream_point_variant",254044,other,other,other,other,0.823640348351284
"NotSequenced",255385,NotSequenced,NotSequenced,NotSequenced,NotSequenced,0
"FIG4-missense_variant; CNA1-missense_variant",258539,Diploid,Diploid,Diploid,Diploid,-0.620634068415692
"None",261861,Diploid,Diploid,Diploid,Diploid,-0.545464982340139
"POP4-upstream_point_variant; FPK1-frameshift_variant",262917,other,other,other,other,-0.583149482296538
"NotSequenced",263665,ExpNeutral,NotSequenced,NotSequenced,NotSequenced,0
"None",266802,Diploid,Diploid,Diploid,Diploid,-0.694747233755522
"nan-nan",270104,other,other,other,other,-0.37547077696152
"PYC1-synonymous_variant; NMD3-synonymous_variant; SNZ3-missense_variant",273092,Diploid,Diploid,Diploid,Diploid,0.869700542657138
"nan-nan",276407,other,other,other,other,-0.255556678068356
"MSK1-upstream_indel_variant",277185,other,other,other,other,0.362004450436045
"NotSequenced",278476,NotSequenced,NotSequenced,NotSequenced,NotSequenced,-0.185019284783099
"NotSequenced",283952,NotSequenced,NotSequenced,NotSequenced,NotSequenced,-0.14432857952817
"nan-nan",287352,other,other,other,other,0.0845817273056249
"ADP1-missense_variant",294706,other,other,other,other,-0.219654022328859
"NotSequenced",294994,NotSequenced,NotSequenced,NotSequenced,NotSequenced,0
"MSK1-upstream_indel_variant",295458,Diploid,Diploid,Diploid,Diploid,0.00669590916392664
"NotSequenced",295730,NotSequenced,NotSequenced,NotSequenced,NotSequenced,0
"NotSequenced",296771,NotSequenced,NotSequenced,NotSequenced,NotSequenced,-0.736799135052997
"MSH5-missense_variant; PEP3-missense_variant; VHC1-synonymous_variant",297322,Diploid,Diploid,Diploid,Diploid,0.0659659374571547
"FYV10-upstream_indel_variant; YKL177W-upstream_point_variant",298344,ExpNeutral,other,other,other,0.409448590165791
"MTC5-upstream_point_variant; SNR6-non_coding_transcript_exon_variant,non_coding_transcript_variant",303501,other,other,other,other,-0.174296441908917
"PAU16-upstream_point_variant; BEM2-missense_variant; YOL014W-missense_variant",304483,other,other,other,other,-0.41362141052189
"NotSequenced",304935,NotSequenced,NotSequenced,NotSequenced,NotSequenced,-0.616248580734903
"NotSequenced",309605,NotSequenced,NotSequenced,NotSequenced,NotSequenced,1.12693146022091
"VRG4-upstream_indel_variant",309655,PKA,PDE2,Haploid,frameshift_variant,0.988603193129286
"None",310209,Diploid,Diploid,Diploid,Diploid,-0.749720461160241
"PET127-upstream_point_variant; SUP61-upstream_indel_variant",316048,other,other,other,other,-0.53981742328039
"NotSequenced",316954,ExpNeutral,NotSequenced,NotSequenced,NotSequenced,-0.631380470876681
"FCF1-upstream_point_variant",317672,Diploid,Diploid,Diploid,Diploid,-0.836378521599348
"NotSequenced",319196,NotSequenced,NotSequenced,NotSequenced,NotSequenced,0.212791020971044
"RKM3-upstream_point_variant",328579,Diploid,Diploid,Diploid,Diploid,0.0924449767559106
"IRC5-synonymous_variant",329774,Diploid,Diploid,Diploid,Diploid,-0.445530799392377
"nan-nan",330943,other,other,other,other,-0.306596876830204
"NotSequenced",331012,NotSequenced,NotSequenced,NotSequenced,NotSequenced,0
"NotSequenced",332232,NotSequenced,NotSequenced,NotSequenced,NotSequenced,0
"FAR3-frameshift_variant",334616,other,other,other,other,-0.156655580987541
"RET1-synonymous_variant; SUL1-upstream_point_variant; tR,YDR089W-upstream_indel_variant",336972,PKA,SCH9,Haploid,missense_variant,0.335736467627862
"YPL205C-frameshift_variant; APM2-upstream_indel_variant",338908,Diploid,Diploid,Diploid,Diploid,-0.435565959463007
"NotSequenced",340123,NotSequenced,NotSequenced,NotSequenced,NotSequenced,-0.588577394837542
"NotSequenced",341234,NotSequenced,NotSequenced,NotSequenced,NotSequenced,-0.763332072094793
"NotSequenced",345698,NotSequenced,NotSequenced,NotSequenced,NotSequenced,0
"NotSequenced",349198,NotSequenced,NotSequenced,NotSequenced,NotSequenced,-0.0921951531311888
"NotSequenced",349927,NotSequenced,NotSequenced,NotSequenced,NotSequenced,0.180427031519294
"YEL023C-upstream_point_variant",352078,other,other,other,other,-0.0679357044563903
"nan-nan",352705,other,other,other,other,0.0186509023834582
"NotSequenced",361412,NotSequenced,NotSequenced,NotSequenced,NotSequenced,0
"NotSequenced",365129,NotSequenced,NotSequenced,NotSequenced,NotSequenced,0
"YBL006W-A-upstream_indel_variant",371306,other,other,other,other,-0.43818583107809
"DAD3-synonymous_variant",375115,Diploid,Diploid,Diploid,Diploid,1.06211426340625
"RCM1-stop_gained",378857,Diploid,Diploid,Diploid,Diploid,0.173561514245057
"HCA4-synonymous_variant; YNL097W-A-missense_variant",379777,PKA,IRA2,Haploid,missense_variant,0.286644378777961
"nan-nan",381707,other,other,other,other,-0.580897666116999
"NotSequenced",387733,NotSequenced,NotSequenced,NotSequenced,NotSequenced,0
"None",392361,Diploid,Diploid,Diploid,Diploid,0.477693282456092
"NotSequenced",400133,NotSequenced,NotSequenced,NotSequenced,NotSequenced,0
"NotSequenced",411793,NotSequenced,NotSequenced,NotSequenced,NotSequenced,0
"NotSequenced",414033,NotSequenced,NotSequenced,NotSequenced,NotSequenced,0
"NotSequenced",414373,NotSequenced,NotSequenced,NotSequenced,NotSequenced,0
"NotSequenced",417393,NotSequenced,NotSequenced,NotSequenced,NotSequenced,0
"nan-nan",419648,other,other,other,other,0.582524359421681
"IST1-upstream_point_variant; UBA3-missense_variant",419831,Diploid,Diploid,Diploid,Diploid,0.116564417229839
"AST2-synonymous_variant; RDH54-upstream_point_variant",425471,Diploid,Diploid,Diploid,Diploid,0.168638712003268
"NotSequenced",427035,NotSequenced,NotSequenced,NotSequenced,NotSequenced,0
"nan-nan",430247,other,other,other,other,0.89082728388743
"NotSequenced",433489,NotSequenced,NotSequenced,NotSequenced,NotSequenced,0
"None",434397,Diploid,Diploid,Diploid,Diploid,-0.431347987248338
"NotSequenced",454012,NotSequenced,NotSequenced,NotSequenced,NotSequenced,0
"CDC11-upstream_indel_variant; PCA1-synonymous_variant; TRP5-missense_variant; YDL211C,tG-upstream_indel_variant",454851,other,other,other,other,-0.147468863334066
"NotSequenced",465343,NotSequenced,NotSequenced,NotSequenced,NotSequenced,0
"NotSequenced",467348,NotSequenced,NotSequenced,NotSequenced,NotSequenced,0
"NotSequenced",469646,NotSequenced,NotSequenced,NotSequenced,NotSequenced,0
"NotSequenced",480412,NotSequenced,NotSequenced,NotSequenced,NotSequenced,0
"NotSequenced",481885,NotSequenced,NotSequenced,NotSequenced,NotSequenced,0
"NotSequenced",488655,NotSequenced,NotSequenced,NotSequenced,NotSequenced,0
"NotSequenced",490448,NotSequenced,NotSequenced,NotSequenced,NotSequenced,0
"NotSequenced",7777777,NotSequenced,NotSequenced,NotSequenced,NotSequenced,0
"None",9000001,PKA,IRA1,Haploid,missense,0
"None",9000002,PKA,IRA1,Haploid,missense,0
"None",9000003,PKA,IRA1,Haploid,missense,0
"None",9000005,PKA,IRA1,Haploid,missense,0
"None",9000006,PKA,IRA1,Haploid,missense,0
"None",9000007,PKA,IRA1,Haploid,missense,0
"None",9000008,PKA,IRA1,Haploid,missense,0
"None",9000009,PKA,IRA1,Haploid,missense,0
"None",9000010,PKA,IRA1,Haploid,missense,0
"None",9000101,PKA,IRA1,Haploid,stop_gained,0
"None",9000103,PKA,IRA1,Haploid,stop_gained,0
"None",9000104,PKA,IRA1,Haploid,stop_gained,0
"None",9000105,PKA,IRA1,Haploid,stop_gained,0
"None",9000106,PKA,IRA1,Haploid,stop_gained,0
"None",9000107,PKA,IRA1,Haploid,stop_gained,0
"None",9000108,PKA,IRA1,Haploid,stop_gained,0
"None",9000109,PKA,IRA1,Haploid,stop_gained,0
"None",9000110,PKA,IRA1,Haploid,stop_gained,0
