Unnamed: 0,additional_muts,barcode,class,gene,ploidy,type,barcode_sequence,barcode_GCratio,neutral_group,control_set,bias_susceptibility
0,TIP1-upstream_point_variant; YKR012C-upstream_indel_variant; APM2-upstream_indel_variant; RPL11B-upstream_indel_variant; YIL161W-upstream_indel_variant; YIL169C-frameshift_variant,53,Diploid,Diploid,Diploid,Diploid,AACGTAAGTCTAAACGTATTTGAGAA,0.3076923076923077,Diploid,True,-0.15476817166295917
1,"SEH1-missense_variant; ZIP1-missense_variant; MIM1,tS-upstream_indel_variant; YFL019C,SUF9-upstream_indel_variant",151,PKA,IRA1,Haploid,stop_gained,TCCATAATTGGGAATTGGATTTTGGC,0.3846153846153846,,False,-0.09203727870540614
2,NotSequenced,262,NotSequenced,NotSequenced,NotSequenced,NotSequenced,TTAATAAACAAGAAACGGGTTGTGGA,0.3461538461538461,,False,-0.025789730804596116
3,None,273,PKA,IRA1,Haploid,frameshift_variant,TCACTAAGAAGGAAGTCCATTATTAC,0.3461538461538461,,False,-0.009035933078296423
4,NotSequenced,323,NotSequenced,NotSequenced,NotSequenced,NotSequenced,AGCCAAAAAAGTAATATTTTTGACCA,0.2692307692307692,,False,0.23598939300274716
5,None,415,PKA,IRA1,Haploid,frameshift_variant,GCGTAAATCAGGAAACTCCTTTTGTT,0.3846153846153846,,False,0.43348007836048563
6,NotSequenced,499,NotSequenced,NotSequenced,NotSequenced,NotSequenced,AAAAGAACTTAGAAAACGCTTTTCGG,0.3461538461538461,,False,0.8719857393842463
7,NotSequenced,622,NotSequenced,NotSequenced,NotSequenced,NotSequenced,AAGAAAATCAACAATCATATTTTGCG,0.2692307692307692,,False,0.011307462461653055
8,RPL19A-upstream_point_variant,689,PKA,IRA1,Haploid,frameshift_variant,ATCTTAACCGATAAGCCACTTTTATG,0.3461538461538461,,False,-0.10065306217447575
9,NotSequenced,697,NotSequenced,NotSequenced,NotSequenced,NotSequenced,GCGTAAATAGTGAAAATCATTTTTGG,0.3076923076923077,,False,-0.15028003283510272
10,NotSequenced,1185,NotSequenced,NotSequenced,NotSequenced,NotSequenced,CACGGAACGATGAAAGGACTTGGAGC,0.5384615384615384,,False,0.3145433954967349
11,NotSequenced,1322,NotSequenced,NotSequenced,NotSequenced,NotSequenced,TTGTCAATACTTAACATAGTTTTATA,0.1923076923076923,,False,-0.34489131973866916
12,NotSequenced,1379,NotSequenced,NotSequenced,NotSequenced,NotSequenced,TAATCAATACATAATGCATTTAAGAC,0.2307692307692307,,False,-0.09787177609782595
13,NotSequenced,1488,NotSequenced,NotSequenced,NotSequenced,NotSequenced,TGCCCAATGCTTAATTCGATTATGGT,0.3846153846153846,,False,-0.341217344788942
14,None,1564,Diploid,Diploid,Diploid,Diploid,TTTTTAAACTTTAACCAGCTTAGCCG,0.3461538461538461,Diploid,True,0.19886188449600728
15,RIF1-upstream_indel_variant,1617,PKA,PDE2,Haploid,frameshift_variant,GGGGCAAGTGGGAAGAGGGTTGGGGA,0.6538461538461539,PDE2,False,-0.6341469045614316
16,nan-nan,1641,other,other,other,other,AATTTAAACTGTAAGCCGCTTGGTTT,0.3461538461538461,,False,0.12931883646339812
17,SDH3-upstream_point_variant; MFM1-missense_variant; YIL169C-frameshift_variant,1683,other,other,other,other,AGTTCAAGTTGCAAGGGGTTTACCCG,0.5,,False,-0.43406661519688383
18,None,1866,PKA,PDE2,Haploid,stop_gained,TCGTGAACACCAAACCCTGTTCTTTA,0.4230769230769231,PDE2,False,0.024476685648294253
19,None,2037,Diploid,Diploid,Diploid,Diploid,GACCCAAAATGTAAGCACGTTGTGTA,0.4230769230769231,Diploid,True,-0.44608918853503887
20,ACF2-missense_variant,2039,Adaptive Diploid,Diploid + IRA2,Diploid,frameshift_variant,CATTCAAGCCTCAATTTACTTAGATT,0.3076923076923077,,False,0.11900159508372411
21,TAF9-upstream_point_variant; SHE3-missense_variant; APE3-synonymous_variant,2288,PKA,GPB2,Haploid,stop_gained,TACGTAAAAAAAAATGTGTTTAGTAT,0.1923076923076923,GPB2,False,0.2370754725895354
22,SEC5-missense_variant,2468,PKA,IRA2,Haploid,missense_variant,CTTTTAACCGGGAAAATTGTTTCATG,0.3461538461538461,,False,0.3287357576562476
23,OSH2-missense_variant,2608,PKA,GPB1,Haploid,frameshift_variant,CGCTGAATCAAAAAACTGGTTGTGGT,0.4230769230769231,,False,-0.1292726144682727
24,DUS1-missense_variant,2768,PKA,GPB2,Haploid,stop_gained,AGGTAAAACTGCAAGCCATTTAGTAC,0.3846153846153846,GPB2,False,-0.22092957859488585
25,SWH1-missense_variant,2776,Diploid,Diploid,Diploid,Diploid,CGCAAAAACCTGAAAACCTTTTTTCA,0.3461538461538461,Diploid,True,0.885104323339523
26,CDC39-missense_variant,2808,Diploid,Diploid,Diploid,Diploid,CGTGAAAACTGTAAGCGAGTTGCGAA,0.4615384615384615,,False,-0.3861167382721597
27,NotSequenced,3160,NotSequenced,NotSequenced,NotSequenced,NotSequenced,GGGAGAAGTACAAGGTATTTATGATA,0.3461538461538461,,False,1.2049321283195058
28,NotSequenced,3250,NotSequenced,NotSequenced,NotSequenced,NotSequenced,TTGCCAAACTTTAAGAGAATTAGGAC,0.3461538461538461,,False,0.016725107975296895
29,NotSequenced,3298,NotSequenced,NotSequenced,NotSequenced,NotSequenced,ATATTAAAGCAAAACTGTTTTGCAAG,0.2692307692307692,,False,0.405121534503976
30,DTR1-stop_gained,3379,Diploid,Diploid,Diploid,Diploid,ACATGAATAGGAAACGGGGTTGATTT,0.3846153846153846,Diploid,True,-0.25997879834844173
31,YLR157W-D-frameshift_variant,3406,PKA,IRA2,Haploid,missense_variant,TCCACAAGCGGAAAGTTGCTTACGGC,0.5384615384615384,,False,0.5708894936905025
32,None,3481,PKA,IRA2,Haploid,missense_variant,GTTCCAATAGCTAATCTATTTACTTT,0.2692307692307692,,False,0.16704138781836161
33,None,3577,Adaptive Diploid,Diploid + IRA2,Diploid,missense_variant,ACATCAATCAATAAGTCTTTTTGTTC,0.2692307692307692,,False,0.26262094938194636
34,None,3585,Diploid,Diploid,Diploid,Diploid,GGTGTAACCTTTAAGGAGCTTGGGTG,0.5,Diploid,True,-0.16003203505483948
35,PHR1-missense_variant; POP1-missense_variant,3675,PKA,IRA1,Haploid,missense_variant,CAGGCAAGAGTGAAGGGCCTTGGTGC,0.6153846153846154,,False,-0.1770218150826999
36,NotSequenced,3730,NotSequenced,NotSequenced,NotSequenced,NotSequenced,AACTAAACAAGTAAAGGCTTTGGTGT,0.3461538461538461,,False,0.41784623696946904
37,None,3920,Diploid,Diploid,Diploid,Diploid,CTTCTAAAAAGCAAAAGGTTTTCTTG,0.3076923076923077,Diploid,True,0.6755548766357385
38,YIL161W-upstream_indel_variant; MAL31-missense_variant,4418,Diploid,Diploid,Diploid,Diploid,AACTTAACATGCAAATACTTTTTCCA,0.2692307692307692,Diploid,True,0.01709269777657221
39,YPL205C-frameshift_variant; TPO2-missense_variant; GAD1-upstream_point_variant,4691,Diploid,Diploid,Diploid,Diploid,CTGGGAAAACGTAAGTACGTTTCGAA,0.4230769230769231,Diploid,True,-0.3052801634047308
40,tL(CAA)G3-upstream_point_variant,4791,Diploid,Diploid,Diploid,Diploid,AATAAAAGACCAAAAGTCCTTGTCCG,0.3846153846153846,,False,0.08642852999074137
41,None,4949,PKA,IRA1,Haploid,missense_variant,CGAGCAAGCCGGAAGAGTCTTGCGAC,0.6153846153846154,,False,-0.3390169660845601
42,None,5564,Adaptive Diploid,Diploid + IRA2,Diploid,stop_gained,ACTCGAAGCTCCAACTAAATTCTATA,0.3461538461538461,,False,0.3375180329329113
43,NotSequenced,5654,NotSequenced,NotSequenced,NotSequenced,NotSequenced,AATTCAAAAAGCAACTATGTTCAACC,0.3076923076923077,,False,0.4598349210535108
44,MIA40-upstream_point_variant,5804,PKA,PDE2,Haploid,frameshift_variant,TAACTAATTAGGAAAAATCTTTATAT,0.1538461538461538,PDE2,False,1.1004034059723906
45,NotSequenced,6002,NotSequenced,NotSequenced,NotSequenced,NotSequenced,TAAAGAATTGCAAAAGAATTTACACG,0.2692307692307692,,False,0.9280121458142206
46,YMR010W-stop_gained; YGR125W-missense_variant,6174,PKA,IRA1,Haploid,frameshift_variant,CTTGTAACTGTTAATTTAATTGCCCG,0.3461538461538461,,False,-0.004152704300601176
47,None,6271,PKA,PDE2,Haploid,stop_gained,TAATGAACGTCTAATAAAGTTTAAGT,0.2307692307692307,PDE2,False,0.1496884812536453
48,SYH1-synonymous_variant; YDL144C-synonymous_variant,6391,Adaptive Diploid,Diploid + Chr11Amp,Diploid,Diploid + Chr11Amp,CCTGCAAAAATCAATTTTATTGATTT,0.2307692307692307,,False,0.3614490203058203
49,None,6582,PKA,IRA2,Haploid,missense_variant,CACCAAACTCCAAAACAGTTTTCTGT,0.3846153846153846,,False,0.3461144260982248
50,NotSequenced,6672,NotSequenced,NotSequenced,NotSequenced,NotSequenced,ACGCTAACTAGCAACATGATTTTGTA,0.3461538461538461,,False,0.8054700714587063
51,None,6814,Diploid,Diploid,Diploid,Diploid,CGCCTAATCAGGAAAGCAATTCCAAT,0.4230769230769231,Diploid,True,-0.26297926304966945
52,NotSequenced,7269,NotSequenced,NotSequenced,NotSequenced,NotSequenced,ACGACAAAAGATAATAAAGTTATCTT,0.2307692307692307,,False,0.2525815463276341
53,"IMP4-missense_variant; YER156C,COG3-upstream_indel_variant",7291,other,other,other,other,GTTTCAAAGGGGAAGCCAGTTTAATG,0.4230769230769231,,False,-0.23139328290300795
54,HEL1-missense_variant; MSS116-synonymous_variant,7375,Diploid,Diploid,Diploid,Diploid,TATATAATGCGAAAGCAGGTTGTTTT,0.3076923076923077,Diploid,True,-0.007526161970296196
55,None,7423,Diploid,Diploid,Diploid,Diploid,ACGAGAACATAGAAAGAAATTAGCAT,0.3076923076923077,Diploid,True,0.10410390133594435
56,SEC31-synonymous_variant; ERG1-missense_variant; THI3-stop_gained,7538,other,other,other,other,TCTCAAATATAAAAAAGTTTTTTAGC,0.1923076923076923,,False,1.1935780997298289
57,BEM2-missense_variant; YNR071C-missense_variant,7539,Diploid,Diploid,Diploid,Diploid,ATCTAAAGCTAGAATTATTTTGCATG,0.2692307692307692,,False,-0.09844582487440122
58,NotSequenced,7619,NotSequenced,NotSequenced,NotSequenced,NotSequenced,GAATAAAACGTTAAGTCATTTGCGTA,0.3076923076923077,,False,-0.436406881804413
59,None,7774,PKA,GPB2,Haploid,stop_gained,TCATGAACGGATAAGCTGGTTGGTTG,0.4615384615384615,GPB2,False,-0.5398847090725908
60,TDH3-missense_variant; YLR257W-upstream_point_variant; HHT2-synonymous_variant,7799,PKA,GPB2,Haploid,missense_variant,TTGAAAAACCGTAATCTGTTTTTTAT,0.2307692307692307,,False,0.7182077745082732
61,ABP1-missense_variant,7836,PKA,IRA1,Haploid,stop_gained,GCATCAATATTGAAGGCATTTTTGAT,0.3076923076923077,,False,0.05042424368161385
62,nan-nan,7953,other,other,other,other,ATTACAACGCTCAACTAGGTTGGACC,0.4615384615384615,,False,-0.4541995469183192
63,GRR1-synonymous_variant,7961,PKA,IRA1,Haploid,missense_variant,ATTTAAAGTTGGAAGGGAATTGAAGG,0.3461538461538461,,False,-0.09339329970274583
64,MYO5-missense_variant,7994,PKA,PDE2,Haploid,missense_variant,GGCAGAACAGGGAAGGGTCTTTGGTA,0.5384615384615384,,False,-0.25294498090772594
65,NotSequenced,8009,NotSequenced,NotSequenced,NotSequenced,NotSequenced,CTCATAACCCCTAACGGCTTTGGACA,0.5,,False,0.5135968962899401
66,None,8297,PKA,CYR1,Haploid,missense_variant,AAGAGAAGAATTAATGATTTTATGAA,0.1923076923076923,,False,0.35483145578449576
67,SHC1-missense_variant; MRPL4-synonymous_variant,8459,Diploid,Diploid,Diploid,Diploid,TAAGGAATGTTGAACCGGGTTAGGCG,0.5,Diploid,True,-0.3812505457064753
68,ATG32-upstream_indel_variant,8825,other,other,other,other,TATGAAAATTAAAAATGAATTCTCCG,0.2307692307692307,,False,0.25101780190250944
69,ACC1-synonymous_variant,9293,Diploid,Diploid,Diploid,Diploid,AAATCAATTAGAAATTATCTTCGAAG,0.2307692307692307,Diploid,True,0.27849786199662596
70,NotSequenced,9518,NotSequenced,NotSequenced,NotSequenced,NotSequenced,TTTTCAAAAATAAAGCGGCTTGAGGG,0.3846153846153846,,False,0.5238834736966274
71,HDA1-missense_variant,9589,Diploid,Diploid,Diploid,Diploid,CGAGCAACATGAAACTTGGTTTTCAG,0.4230769230769231,,False,-0.04580013364846342
72,PSE1-missense_variant,9689,Diploid,Diploid,Diploid,Diploid,TCCCTAACTATGAAGCATTTTTCCAA,0.3461538461538461,,False,0.017844691522824314
73,HEL1-missense_variant,9864,PKA,IRA1,Haploid,stop_gained,AGACAAACTTATAAGACATTTCGAGT,0.3076923076923077,,False,0.027927703031177815
74,None,9888,PKA,GPB2,Haploid,frameshift_variant,CCAAAAATAACTAAGTACATTTCAGG,0.3076923076923077,GPB2,False,0.06987929750513974
75,MET10-upstream_point_variant,10050,Diploid,Diploid,Diploid,Diploid,TCTTAAACTCTTAAGTCTGTTCATTC,0.3076923076923077,,False,0.1780531130066739
76,PKH1-missense_variant,10103,Adaptive Diploid,Diploid + IRA1,Diploid,missense_variant,AACCCAATAAAGAAACCTCTTGATCG,0.3846153846153846,,False,0.2683548010671369
77,nan-nan,10307,other,other,other,other,GATGTAATTGTCAACTGCGTTTGGAA,0.3846153846153846,,False,-0.3193941652011258
78,None,10316,Diploid,Diploid,Diploid,Diploid,TTAGTAATCGCGAAATTAGTTGTCTA,0.3076923076923077,Diploid,True,-0.23577206681449178
79,NotSequenced,10623,NotSequenced,NotSequenced,NotSequenced,NotSequenced,CTCATAAACACGAAGTTGCTTCTGTT,0.3846153846153846,,False,0.17967189535223568
80,YTA7-missense_variant,10794,PKA,IRA1,Haploid,stop_gained,CTTATAATTATTAAAATCGTTGTCAA,0.1923076923076923,,False,0.6827498004535903
81,NotSequenced,10848,NotSequenced,NotSequenced,NotSequenced,NotSequenced,GACGTAAAAGAGAATTTTGTTGCGGC,0.4230769230769231,,False,-0.6549061214091394
82,"SIR4-upstream_point_variant; MIM1,tS-upstream_indel_variant; tA,-upstream_indel_variant",10851,PKA,GPB2,Haploid,stop_gained,TTAGGAATACTCAATATATTTTTTGT,0.1923076923076923,GPB2,False,0.3417928391221724
83,NotSequenced,11056,NotSequenced,NotSequenced,NotSequenced,NotSequenced,TACCAAATAAGTAACGCTGTTATGAT,0.3076923076923077,,False,0.5759037506904341
84,NotSequenced,11222,NotSequenced,NotSequenced,NotSequenced,NotSequenced,CCTAAAATTATAAATTGTGTTGGACA,0.2692307692307692,,False,0.5448690653602487
85,SPO74-frameshift_variant; HPA2-missense_variant; SCW10-synonymous_variant,11430,PKA,RAS2,Haploid,missense_variant,CGGGAAAACGATAAGCTACTTTATGC,0.4230769230769231,,False,0.10615639894265956
86,PDC6-upstream_indel_variant,11456,Diploid,Diploid,Diploid,Diploid,TATATAACATCCAACACATTTACCCG,0.3461538461538461,,False,-0.36302894427842314
87,None,11586,Diploid,Diploid,Diploid,Diploid,TAGAAAAATTTTAAAAAATTTACCGG,0.1923076923076923,,False,1.2021930195666162
88,UFD4-missense_variant,11667,Diploid,Diploid,Diploid,Diploid,GCCATAACATCTAATCTCATTATCCA,0.3461538461538461,Diploid,True,-0.24717830557150772
89,None,11752,PKA,IRA1,Haploid,frameshift_variant,TTATAAATTTTGAACTCACTTGTTAC,0.2307692307692307,,False,0.42797511771127994
90,YFL034W-missense_variant,11933,PKA,GPB2,Haploid,frameshift_variant,TTCAAAATCATAAAGCAGTTTCAGGA,0.3076923076923077,GPB2,False,0.16392464147240338
91,MHP1-synonymous_variant,12090,Diploid,Diploid,Diploid,Diploid,TTCCTAATTATGAAATTAGTTTATAA,0.1538461538461538,Diploid,True,0.5631319421123108
92,None,12752,Diploid,Diploid,Diploid,Diploid,AAAGTAAAACAAAAGACACTTCTGGG,0.3461538461538461,Diploid,True,0.18996496237041982
93,NotSequenced,12757,NotSequenced,NotSequenced,NotSequenced,NotSequenced,GGTACAAACCCAAACAATGTTCATAA,0.3461538461538461,,False,0.6852270910382406
94,NotSequenced,12785,NotSequenced,NotSequenced,NotSequenced,NotSequenced,GATACAAATCCCAACTGTTTACAAAA,0.3076923076923077,,False,-0.05791663299094505
95,None,13029,Diploid,Diploid,Diploid,Diploid,TGTGAAATGTTTAACCGGCTTGGAGA,0.4230769230769231,Diploid,True,-0.39103300922678014
96,YER133W-A-missense_variant; FIG2-synonymous_variant; SSH1-upstream_indel_variant,13132,PKA,IRA1,Haploid,stop_gained,AATACAAGAGATAACAAGGTTCGCTG,0.3846153846153846,,False,-0.1724073996693535
97,nan-nan,13183,other,other,other,other,ATTAAAATCACGAAGTCACTTTATGG,0.3076923076923077,,False,-0.18101528478401394
98,None,13852,Diploid,Diploid,Diploid,Diploid,TTGTGAATTGTAAAAAATGTTTTTCT,0.1923076923076923,Diploid,True,0.5614250048616585
99,KIP2-upstream_indel_variant,13872,Diploid,Diploid,Diploid,Diploid,ACTAGAAAGTCAAAAGAAATTGACCA,0.3076923076923077,Diploid,True,0.06373672188959718
100,YNL234W-frameshift_variant; KIN1-synonymous_variant,14160,Diploid,Diploid,Diploid,Diploid,TCTACAAACTTGAATACGTTTTTGTT,0.2692307692307692,,False,0.2190389341808357
101,None,14280,PKA,GPB2,Haploid,frameshift_variant,TAAGAAACAATTAACAGGGTTTGGTA,0.3076923076923077,GPB2,False,0.020511148092338602
102,NotSequenced,14485,NotSequenced,NotSequenced,NotSequenced,NotSequenced,CCCGAAACTCGGAAGATTGTTATATA,0.3846153846153846,,False,-0.1387397985409877
103,None,14849,Diploid,Diploid,Diploid,Diploid,GGTGAAATTTTAAAGCCTCTTGAGGG,0.4230769230769231,Diploid,True,0.4123252568205366
104,NotSequenced,14888,NotSequenced,NotSequenced,NotSequenced,NotSequenced,CCGCGAAGGGGAAAGGGGGTTGGGGG,0.7307692307692307,,False,-0.05464681018903754
105,EAF7-stop_gained,14915,Diploid,Diploid,Diploid,Diploid,TATGGAAAACAGAAGCATCTTAATGG,0.3461538461538461,,False,-0.03199004442174877
106,PCD1-synonymous_variant; YDL026W-upstream_point_variant,15221,PKA,IRA1,Haploid,missense_variant,CAACAAAAACCAAAACCTTTTTCGTT,0.3076923076923077,,False,1.0937820011538224
107,YEL043W-missense_variant; MSK1-upstream_indel_variant; YGL036W-missense_variant,15232,PKA,IRA1,Haploid,frameshift_variant,TCGAAAATCAGGAAACGGTTTAGGGT,0.4230769230769231,,False,-0.023310321135418977
108,VPS3-synonymous_variant,15337,Diploid,Diploid,Diploid,Diploid,AACAAAAGAAATAAGGTGGTTGGCAT,0.3461538461538461,,False,-0.04984158953324119
109,"tW,HIP1-upstream_indel_variant; YOL159C-missense_variant; UTP20-missense_variant; DED81-missense_variant",15787,PKA,PDE2,Haploid,missense_variant,TATAGAACAATGAAGCGAGTTCACTC,0.3846153846153846,PDE2,False,-0.23299555214610063
110,NotSequenced,15922,NotSequenced,NotSequenced,NotSequenced,NotSequenced,ATAAAATTTGAACTCACTTGTTACAT,0.2307692307692307,,False,-0.052811075176224534
111,NotSequenced,16720,NotSequenced,NotSequenced,NotSequenced,NotSequenced,TCTCAAAATTTCAATCAGCTTGGCGT,0.3846153846153846,,False,0.025285362867624523
112,NotSequenced,16835,NotSequenced,NotSequenced,NotSequenced,NotSequenced,AAGGAAATAGTCAACGCTTTTTCGTT,0.3461538461538461,,False,0.6527005703633085
113,LCP5-upstream_indel_variant; PTC3-synonymous_variant; TPS2-missense_variant,17499,other,other,other,other,ACTAAAAAACATAATGGTTTTATTAT,0.1538461538461538,,False,0.53744859181527
114,NotSequenced,17615,ExpNeutral,NotSequenced,NotSequenced,NotSequenced,TTTTAAACTACGAAACTTGTTAGTCT,0.2692307692307692,,False,0.43388568656817494
115,None,17691,PKA,GPB2,Haploid,stop_gained,GGGTCAACGACTAAGTGTCTTCCCCA,0.5384615384615384,GPB2,False,-0.41309893196881314
116,YLR177W-missense_variant; TUL1-synonymous_variant; RNH202-stop_gained; PGM1-upstream_point_variant,17927,PKA,IRA2,Haploid,frameshift_variant,ACTGGAAGACATAAGCTTATTACAGC,0.3846153846153846,,False,-0.28994840197451527
117,KTI12-missense_variant,18152,other,other,other,other,AGCAAAATAGTAAATCGGTTTCCTTA,0.3076923076923077,,False,0.17991698415472168
118,HXT8-synonymous_variant; SSD1-missense_variant,18200,PKA,IRA2,Haploid,missense_variant,TGAACAACGCGCAAGATGTTTGTGCG,0.5,,False,-0.3140304771611958
119,None,18352,Diploid,Diploid,Diploid,Diploid,CAAGAAAGACATAACTTCGTTGCTTT,0.3461538461538461,Diploid,True,0.18041412399730491
120,FKS1-synonymous_variant; GEP4-upstream_indel_variant,18420,PKA,IRA1,Haploid,frameshift_variant,CATCGAAACACTAAATATTTTAGCTC,0.3076923076923077,,False,0.4371085625973324
121,NotSequenced,18501,NotSequenced,NotSequenced,NotSequenced,NotSequenced,TCCTGAAACTTAAACTCACTTTAGGA,0.3461538461538461,,False,0.0012732972879499218
122,None,18860,Diploid,Diploid,Diploid,Diploid,AGTTCAAGGAATAAAGGTGTTTCTGG,0.3846153846153846,Diploid,True,-0.16612174473611435
123,"TRT2,CBT1-upstream_indel_variant; PAU19-inframe_insertion",18950,Diploid,Diploid,Diploid,Diploid,ACCCGAATACAGAAGAAGGTTGTAAA,0.3846153846153846,Diploid,True,-0.20560479015055858
124,RPO21-missense_variant,19184,PKA,PDE2,Haploid,frameshift_variant,TCGCCAACAATTAACTCGATTACGGC,0.4615384615384615,PDE2,False,-0.5044445165522754
125,RGA1-synonymous_variant,19219,Diploid,Diploid,Diploid,Diploid,ACCAGAATGTGAATGTCTTTCGAATA,0.3461538461538461,Diploid,True,-0.2425159377837879
126,DBP1-missense_variant,19296,PKA,IRA1,Haploid,missense_variant,CCGTTAAGACGAAACAGCCTTGTCAA,0.4615384615384615,,False,-0.27341769853981246
127,None,19297,Diploid,Diploid,Diploid,Diploid,GACAAAATAATGAAGTAAATTCGTGG,0.3076923076923077,,False,-0.3303940163460834
128,NotSequenced,19379,NotSequenced,NotSequenced,NotSequenced,NotSequenced,AGATCAAACTACAATGTAATTGGGCA,0.3461538461538461,,False,-0.24313879308241754
129,"tV,YKL068W-A-upstream_indel_variant",19407,PKA,GPB2,Haploid,frameshift_variant,AAAATAACGATTAAACCTCTTGGTAG,0.3076923076923077,GPB2,False,0.06045135553723897
130,"YLR162W-upstream_point_variant; RDN5-6-non_coding_transcript_exon_variant,non_coding_transcript_variant",19697,Diploid,Diploid,Diploid,Diploid,GCATTAACAGTAAAGAGCGTTGTGGC,0.4615384615384615,Diploid,True,-0.4664642197422324
131,SWI6-missense_variant; SRL1-synonymous_variant; MSK1-upstream_indel_variant; MRS6-missense_variant,19707,Diploid,Diploid,Diploid,Diploid,TTCACAACATTTAATTGTGTTTTCAA,0.2307692307692307,,False,0.10708100257501163
132,STE23-missense_variant; RRP5-upstream_point_variant,19795,Diploid,Diploid,Diploid,Diploid,GAACTAATATTAAATGATTTTCATAA,0.1538461538461538,Diploid,True,0.4032604353524102
133,tQ(UUG)C-upstream_indel_variant,19894,other,other,other,other,TCACCAATAAGGAAAATTTTTTGCAC,0.3076923076923077,,False,0.27539435845307286
134,PEX17-missense_variant,20083,Diploid,Diploid,Diploid,Diploid,AAGGGAAAGTATAATAGTTTTCCCAG,0.3461538461538461,Diploid,True,0.10252248282688782
135,NotSequenced,20231,NotSequenced,NotSequenced,NotSequenced,NotSequenced,TCACTAAGAAGGAAGTCATTATTACA,0.3076923076923077,,False,-0.7792902141139103
136,APM2-upstream_indel_variant,20464,Diploid,Diploid,Diploid,Diploid,AATATAACATGCAATATGTTTCATCA,0.2307692307692307,Diploid,True,-0.27592873379631844
137,NotSequenced,20596,NotSequenced,NotSequenced,NotSequenced,NotSequenced,GTCCTAATCAGCAAAAAGTTTGATTC,0.3461538461538461,,False,0.22281163674587073
138,"YAR023C,SUP56-upstream_indel_variant",20632,other,other,other,other,AAATTAAGAACGAAGCGAGTTTTATG,0.3076923076923077,,False,-0.047044997262211806
139,RER2-missense_variant,20873,PKA,IRA1,Haploid,missense_variant,CAGTAAACTCTAAATCGCATTAAAGT,0.3076923076923077,,False,0.007730086106232617
140,None,20967,PKA,PDE2,Haploid,stop_gained,TAGCGAAAGTGAAAAACTGTTAAGCA,0.3461538461538461,PDE2,False,-0.03803197557322306
141,NotSequenced,21354,NotSequenced,NotSequenced,NotSequenced,NotSequenced,CAAGAAATATCTAACGATCTTTATGC,0.3076923076923077,,False,0.164809105801837
142,None,21440,Diploid,Diploid,Diploid,Diploid,CATCAAAGAAGAAAGTCTATTTCTTC,0.3076923076923077,,False,0.7927909548848243
143,NotSequenced,21529,NotSequenced,NotSequenced,NotSequenced,NotSequenced,TACTAAACAGACAAAAAGATTACAAA,0.2307692307692307,,False,0.730484466614227
144,None,21543,PKA,TOR1,Haploid,missense_variant,TAGACAAAATGCAATTGTATTGTCAG,0.3076923076923077,,False,-0.32771944439768713
145,None,21625,Diploid,Diploid,Diploid,Diploid,CCCGCAAGATCCAACACGATTCGAGG,0.5769230769230769,Diploid,True,-0.4881859729898373
146,MLH1-missense_variant,21956,PKA,IRA2,Haploid,missense_variant,AATGCAATTCTGAAGGCTTTTAGAGG,0.3846153846153846,,False,0.25109302966568997
147,HAP1-upstream_point_variant; SIS1-missense_variant; RPL19B-upstream_point_variant,21967,PKA,IRA1,Haploid,stop_gained,AGAGTAATCTGCAAGATTCTTTTTCT,0.3076923076923077,,False,0.71859267580981
148,None,22011,Diploid,Diploid,Diploid,Diploid,TACTTAATACAGAATGTACTTGGATA,0.2692307692307692,,False,-0.20741068201625165
149,NotSequenced,22162,NotSequenced,NotSequenced,NotSequenced,NotSequenced,CCGTTAATTTTAAACTTGCTTTTTTT,0.2307692307692307,,False,0.8013503675016354
150,YMR018W-upstream_indel_variant,22360,Diploid,Diploid,Diploid,Diploid,TTAGTAAGTTCTAATCGAGTTTCGCT,0.3461538461538461,Diploid,True,0.021737322104158113
151,NotSequenced,22372,NotSequenced,NotSequenced,NotSequenced,NotSequenced,CCATAAATTAGAAAGCACCTTTACGA,0.3461538461538461,,False,0.2934205895102672
152,ALE1-missense_variant,22469,Diploid,Diploid,Diploid,Diploid,GAAACAACTTTTAACCGGATTGAGTT,0.3461538461538461,Diploid,True,-0.15733738437451786
153,NotSequenced,22669,NotSequenced,NotSequenced,NotSequenced,NotSequenced,ACAGAAAAGGGGAAAACGGTTGGGAG,0.5,,False,-0.19180444295974264
154,NotSequenced,22713,NotSequenced,NotSequenced,NotSequenced,NotSequenced,CGCAGAACGAGGAACTCTCTTGAGGC,0.5769230769230769,,False,-0.08412262734323511
155,YRR1-upstream_point_variant; ASG1-stop_gained; FYV10-upstream_indel_variant,23065,Diploid,Diploid,Diploid,Diploid,TTGTTAAAACTTCAATGGTGTTTGCA,0.3076923076923077,,False,-0.5446870940132782
156,None,23688,PKA,GPB2,Haploid,stop_gained,TTAGAAAAAAAAAACTTCGTTGGATT,0.2307692307692307,GPB2,False,1.141891004305264
157,NotSequenced,23712,NotSequenced,NotSequenced,NotSequenced,NotSequenced,TAATCAATACATAATGCATTAAGACA,0.2307692307692307,,False,3.427593614238933
158,YNR062C-synonymous_variant,23868,PKA,IRA1,Haploid,stop_gained,GTCTTAATTGGAAACGCAATTGAAAC,0.3461538461538461,,False,-0.16931509645476414
159,NotSequenced,23882,NotSequenced,NotSequenced,NotSequenced,NotSequenced,AGTGAAAGCAAAAATAAGTTTTATTT,0.1923076923076923,,False,0.8584169776804639
160,nan-nan,24151,other,other,other,other,AACTTAACTTACAACCTTATTATTTT,0.1923076923076923,,False,0.4115187794972173
161,NotSequenced,24362,ExpNeutral,NotSequenced,NotSequenced,NotSequenced,ACATAAACTAGTAATTATATTTCTTG,0.1923076923076923,,False,0.0698719449627862
162,None,24737,PKA,KOG1,Haploid,missense_variant,TTACCAACGGGTAAAGATCTTAACTT,0.3461538461538461,,False,0.11840226431144973
163,NotSequenced,24758,NotSequenced,NotSequenced,NotSequenced,NotSequenced,ACGCTAATACTGAATGGTGTTCCTTT,0.3846153846153846,,False,0.5900519227321828
164,LPL1-upstream_point_variant,24858,Diploid,Diploid,Diploid,Diploid,GTCATAACTAGAAATAAGTTTCGTAC,0.3076923076923077,Diploid,True,-0.03021083312915302
165,None,25531,PKA,IRA1,Haploid,stop_gained,GACCGAATCCAAAATATTATTATTAA,0.2307692307692307,,False,0.735649537852445
166,PPE1-missense_variant; YOX1-synonymous_variant,25747,PKA,IRA2,Haploid,missense_variant,GCGCAAATAGTCAAGCTTGTTAAACT,0.3846153846153846,,False,-0.3108502658942201
167,None,25780,PKA,IRA1,Haploid,missense_variant,TTCTGAATTAGTAAGTTTCTTTGCAA,0.2692307692307692,,False,0.5294671348731459
168,None,26106,Diploid,Diploid,Diploid,Diploid,CTGCGAAAGTGCAAGCACGTTTTTTC,0.4615384615384615,Diploid,True,0.0641165573008678
169,UBI4-frameshift_variant,26612,other,other,other,other,ACCCCAACAGTTAACGTGCTTGCAGC,0.5384615384615384,,False,-0.49958394115122773
170,NotSequenced,26885,NotSequenced,NotSequenced,NotSequenced,NotSequenced,ATGTAAAGAACTAACAGTATTATTTT,0.1923076923076923,,False,0.8772611726018084
171,NotSequenced,27142,NotSequenced,NotSequenced,NotSequenced,NotSequenced,AGAAAAAGGTGGAATCGGTTGGCAGA,0.4615384615384615,,False,-0.775674083041157
172,None,27346,Diploid,Diploid,Diploid,Diploid,GGACCAAGGGGTAAGGGCGTTGCAGC,0.6538461538461539,Diploid,True,-0.6006518409103544
173,NUP157-missense_variant; YPR015C-missense_variant,27473,Adaptive Diploid,Diploid + Chr12Amp,Diploid,Diploid + Chr12Amp,CCTCTAATGTCCAACCGACTTTACGG,0.5,,False,-0.36522524963189
174,NotSequenced,27866,NotSequenced,NotSequenced,NotSequenced,NotSequenced,AAAGTAAGGCTTAACTATTTTCTATG,0.2692307692307692,,False,0.714243726946892
175,None,28533,Diploid,Diploid,Diploid,Diploid,TAGTTAATTTATAAAGCCTTTCACCA,0.2692307692307692,Diploid,True,0.42273756665126433
176,SRP101-synonymous_variant; YER138W-A-upstream_point_variant,28740,PKA,IRA1,Haploid,frameshift_variant,GACGCAAGTGTTAATAGGCTTGTTCA,0.4230769230769231,,False,-0.3104559215675419
177,None,28888,Diploid,Diploid,Diploid,Diploid,ATATTAATGGGGAACAGTGTTTAGAC,0.3461538461538461,,False,-0.2518604237936073
178,NotSequenced,29261,NotSequenced,NotSequenced,NotSequenced,NotSequenced,TGAAAAATTCTCAAGGTAGTTCATAC,0.3076923076923077,,False,0.31307231399728275
179,nan-nan,29375,other,other,other,other,TATTAAAACCCGAACGTCATTTGTCA,0.3461538461538461,,False,0.07173509203182254
180,NotSequenced,29473,NotSequenced,NotSequenced,NotSequenced,NotSequenced,TACTCAACAATTAACAGCATTACGCA,0.3461538461538461,,False,-0.3266992134107314
181,None,29840,Diploid,Diploid,Diploid,Diploid,CTCCCAATGATGAATTTACTTGCCTT,0.3846153846153846,Diploid,True,-0.17518896726638458
182,None,30578,PKA,IRA1,Haploid,frameshift_variant,CTTCAAATAGAGAATTTTTTTGGGAT,0.2692307692307692,,False,0.7889554967616292
183,YBR027C-frameshift_variant,30769,Diploid,Diploid,Diploid,Diploid,CCATAAACCTAGAAGCACTTTCCGGG,0.5,Diploid,True,-0.04934695966777332
184,SEN1-upstream_point_variant,30795,Diploid,Diploid,Diploid,Diploid,TACCAAACATTCAAATTGGTTGTCGG,0.3846153846153846,Diploid,True,-0.39596611794577563
185,YOR032W-A-upstream_point_variant,31360,PKA,IRA1,Haploid,stop_gained,TCGGCAACAGATAAGCTTCTTAACTT,0.3846153846153846,,False,0.2995554978862028
186,"API2-upstream_point_variant; SRG1-non_coding_transcript_exon_variant,non_coding_transcript_variant; BOS1-missense_variant",31607,Diploid,Diploid,Diploid,Diploid,TGTCTAAATGGAAATGCAGTTTATTC,0.3076923076923077,Diploid,True,-0.1823801214713925
187,None,32075,Diploid,Diploid,Diploid,Diploid,TCATGAACTTCAAAGTTATTTAAGCA,0.2692307692307692,,False,0.33209511895402444
188,NotSequenced,32201,NotSequenced,NotSequenced,NotSequenced,NotSequenced,CCTAGAAACTGGAACGGATTTTACAC,0.4230769230769231,,False,0.1099411511886473
189,None,32262,PKA,IRA2,Haploid,missense_variant,TCAAAAAAGAAAGCAGATTGGAATAT,0.2692307692307692,,False,0.03011686846744377
190,ECM29-missense_variant,32675,Diploid,Diploid,Diploid,Diploid,GCTGAAATGGCGAAGAGAGTTGTCGT,0.5,Diploid,True,-0.5833473138069156
191,None,32685,Diploid,Diploid,Diploid,Diploid,CACCCAATTCCGAAATACTTTGTCTC,0.4230769230769231,Diploid,True,-0.07218658082949303
192,NotSequenced,33409,NotSequenced,NotSequenced,NotSequenced,NotSequenced,TTTAGAAGCGGCAATGAATTTGGCTC,0.4230769230769231,,False,-0.6807588168820503
193,None,33617,PKA,GPB2,Haploid,frameshift_variant,CGTATAATGGGAAAGGGGGTTTGGAT,0.4615384615384615,GPB2,False,-0.2422251774875563
194,None,33976,Diploid,Diploid,Diploid,Diploid,AGGGTAACTATTAAACTATTTTTCCA,0.2692307692307692,Diploid,True,0.1488710381478952
195,nan-nan,34189,other,other,other,other,ATTGTAACGAAGAACGTGCTTGTATT,0.3461538461538461,,False,-0.21076651363031382
196,None,34808,Diploid,Diploid,Diploid,Diploid,ATTAGAACTAGGAACTTCGTTAGACA,0.3461538461538461,Diploid,True,-0.04673458506984583
197,None,35898,Diploid,Diploid,Diploid,Diploid,CCAAGAAATTCTAAGCATCTTCACTC,0.3846153846153846,Diploid,True,0.2962540097446873
198,None,37238,Diploid,Diploid,Diploid,Diploid,TTACGAATATCCAACTGATTTACCCG,0.3846153846153846,Diploid,True,-0.389531392407638
199,PTR3-synonymous_variant,37241,Diploid,Diploid,Diploid,Diploid,GTACAAAAGCTCAAGTGTTTTAATAG,0.3076923076923077,,False,0.3816739249213919
200,NotSequenced,38775,NotSequenced,NotSequenced,NotSequenced,NotSequenced,CTACAAAGAAACAAGGGGGTTCACGG,0.5,,False,-0.09522308851050473
201,NotSequenced,38970,NotSequenced,NotSequenced,NotSequenced,NotSequenced,CAGTAAACTCTAATCGCATTAAAGTA,0.3076923076923077,,False,3.0149768648796007
202,RAD30-synonymous_variant,39066,other,other,other,other,GCACCAACGACGAAGCGCCTTGGGGT,0.6538461538461539,,False,-0.42870710769151327
203,CDC11-upstream_indel_variant; SAC7-missense_variant; SIR4-missense_variant,39270,Diploid,Diploid,Diploid,Diploid,TGCGGAATATCAAACTCTCTTATTTG,0.3461538461538461,Diploid,True,0.20161663860502704
204,"RPO41-synonymous_variant; tA,-upstream_indel_variant",39633,other,other,other,other,ATTTCAAGGAAGAACAACCTTGTGCA,0.3846153846153846,,False,-0.09397903594706707
205,RCF2-upstream_point_variant,39674,PKA,GPB1,Haploid,stop_gained,ATTAAAACGGGAAAGTGGCTTGAGTC,0.4230769230769231,,False,-0.21085899472249325
206,None,40409,PKA,IRA1,Haploid,frameshift_variant,TAACAAACGCATAAGATCCTTGTTAT,0.3076923076923077,,False,0.17029409554750818
207,None,40779,Diploid,Diploid,Diploid,Diploid,TACCTAATACGTAAAACCATTCGGGG,0.4230769230769231,Diploid,True,-0.35046560423379386
208,USO1-upstream_indel_variant,40865,Diploid,Diploid,Diploid,Diploid,AATTTAAACGACAATCCGATTATTAG,0.2692307692307692,,False,-0.08378222002788681
209,None,41484,Diploid,Diploid,Diploid,Diploid,GTTGCAAATGTTAAGAAATTTGTTTT,0.2307692307692307,Diploid,True,0.47040005015800457
210,ATG23-missense_variant,41601,other,other,other,other,CTTAAAAGTCGTAATTTGTTTACGTG,0.3076923076923077,,False,0.09578167532121784
211,NotSequenced,42040,ExpNeutral,NotSequenced,NotSequenced,NotSequenced,TTTTCAAGTCTCAACCTTATTACAGT,0.3076923076923077,,False,0.33112790225307637
212,None,42331,PKA,IRA2,Haploid,stop_gained,TAAGCAATTAAGAAGACTGTTAGCCT,0.3461538461538461,,False,0.17048345099461978
213,ESC1-missense_variant,42575,Diploid,Diploid,Diploid,Diploid,AAAAAAATTACGAAAGCATTTAGTTA,0.1923076923076923,Diploid,True,0.524140699900533
214,"YPL168W-missense_variant; YER135C,tV-upstream_indel_variant",43155,PKA,TFS1,Haploid,missense_variant,AGTCAAAGGTGAAATGCAGTTCCGGT,0.4615384615384615,,False,-0.5029602691865447
215,YGL014C-A-upstream_indel_variant; PSY3-upstream_indel_variant,43361,PKA,IRA1,Haploid,missense_variant,CTTCCAACAAAAAATCATTTTTATAC,0.2307692307692307,,False,0.65688130910155
216,None,43483,PKA,IRA1,Haploid,frameshift_variant,CACGCAAGGAGAAATCACGTTTCGAG,0.5,,False,-0.14457293290543982
217,None,43692,PKA,CYR1,Haploid,missense_variant,CTCGAAACAGGAAAAGCACTTATCGA,0.4230769230769231,,False,-0.13952997013281848
218,NotSequenced,44777,NotSequenced,NotSequenced,NotSequenced,NotSequenced,GTTAGAACCGTCAAATGCATTGGCTC,0.4615384615384615,,False,-0.22389701089278116
219,SNR3-upstream_indel_variant; YBR285W-upstream_point_variant; SCW11-missense_variant,44905,Diploid,Diploid,Diploid,Diploid,TTGCCAATATTTAAGTCCTTTGGAGG,0.3846153846153846,Diploid,True,-0.12627961113549913
220,NotSequenced,44966,NotSequenced,NotSequenced,NotSequenced,NotSequenced,CTATCAAATTTAAACATTTTTGTGGC,0.2692307692307692,,False,0.283113418471113
221,NotSequenced,44971,NotSequenced,NotSequenced,NotSequenced,NotSequenced,CCAGAAACCAGCAATACTATTGTGCA,0.4230769230769231,,False,-0.1122852452183417
222,SUP35-missense_variant; YOR283W-missense_variant,45031,other,other,other,other,TCTGAAACAGAAATAGTTTTAGGGCA,0.3461538461538461,,False,-0.09029961508229539
223,SCO2-synonymous_variant,45512,other,other,other,other,ACCACAAATTGGAAAAGAATTGACCA,0.3461538461538461,,False,-0.09450618078405655
224,NotSequenced,45865,NotSequenced,NotSequenced,NotSequenced,NotSequenced,GATCTAATAGCGAACGAAGTTCTTAA,0.3461538461538461,,False,0.06595078857202463
225,NotSequenced,46200,NotSequenced,NotSequenced,NotSequenced,NotSequenced,ATCGGAATCGTAAAATGAGTTAGATG,0.3461538461538461,,False,-0.48357183531765824
226,None,46313,Diploid,Diploid,Diploid,Diploid,GACAAAATAGTGAAGTTCTTTGAGGT,0.3461538461538461,Diploid,True,-0.006067354637168898
227,NotSequenced,46892,NotSequenced,NotSequenced,NotSequenced,NotSequenced,AGTAGAAATGGAAACCTAATTAAAAC,0.2692307692307692,,False,0.3620644902481538
228,DNF3-missense_variant,46938,Diploid,Diploid,Diploid,Diploid,ACGGCAAGGCGGAACGCGTTTGCAGT,0.6153846153846154,Diploid,True,-0.694734476256004
229,None,47877,Diploid,Diploid,Diploid,Diploid,CGCACAATATACAATCTCATTTTATT,0.2692307692307692,Diploid,True,0.16246518728037382
230,NotSequenced,48822,NotSequenced,NotSequenced,NotSequenced,NotSequenced,ATGTAAACGTGAAATGCAATTTTGAG,0.3076923076923077,,False,-0.1390802894581662
231,NotSequenced,48904,NotSequenced,NotSequenced,NotSequenced,NotSequenced,GGGTCAACATAGAAAACGCTTTTGAT,0.3846153846153846,,False,0.2408602379047822
232,nan-nan,49174,other,other,other,other,TTCTCAATTGTAAATGTCATTACTCA,0.2692307692307692,,False,0.038782596806572964
233,NotSequenced,50212,NotSequenced,NotSequenced,NotSequenced,NotSequenced,TCTTTAAAACCCAATAAGATTGCTCT,0.3076923076923077,,False,-0.057052245487177945
234,None,50232,Diploid,Diploid,Diploid,Diploid,GATACAACTAAGAAGACGTTTCGCTC,0.4230769230769231,Diploid,True,0.001734296555840951
235,PDC2-missense_variant; FHN1-upstream_point_variant,50286,Diploid,Diploid,Diploid,Diploid,ACATCAATTTGGAAGGACTTTGTTCT,0.3461538461538461,Diploid,True,-0.005991201169497161
236,None,50878,Diploid,Diploid,Diploid,Diploid,ATGACAATTGTTAAATAAATTGGTTC,0.2307692307692307,Diploid,True,-0.14958264284621445
237,NotSequenced,50880,NotSequenced,NotSequenced,NotSequenced,NotSequenced,TGAGTAATCCTCAAATTGCTTTATCA,0.3076923076923077,,False,-0.009866839309694758
238,None,51200,Diploid,Diploid,Diploid,Diploid,GTGAAAAACTTAAACTAGTTTCACAA,0.2692307692307692,Diploid,True,0.0456716308783185
239,NotSequenced,51455,NotSequenced,NotSequenced,NotSequenced,NotSequenced,CCGGGAAATGAGAAGTGTTTTAACTG,0.4230769230769231,,False,-0.1690212318340558
240,VMA6-upstream_point_variant; DSD1-missense_variant,52221,Diploid,Diploid,Diploid,Diploid,CTAATAAACTCTAATTCCCTTTGTAG,0.3076923076923077,Diploid,True,0.2994595588324251
241,DTD1-upstream_point_variant,52560,Diploid,Diploid,Diploid,Diploid,ATTGGAAGCTTCAAACTTGTTCCGAA,0.3846153846153846,Diploid,True,0.08352360581069905
242,ATG17-upstream_point_variant,53054,other,other,other,other,ATCCTAATAGTAAATGGGTTTATCAA,0.2692307692307692,,False,-0.07851124162634475
243,NotSequenced,53230,NotSequenced,NotSequenced,NotSequenced,NotSequenced,AGAGCAAGAAAAAAGACTCTTAGTGC,0.3846153846153846,,False,0.4164673136689504
244,YAP1802-upstream_point_variant; FIR1-missense_variant,54461,other,other,other,other,CCGCGAAAATGTAACCCCTTTTGACA,0.4615384615384615,,False,-0.18674303479368265
245,None,55340,Diploid,Diploid,Diploid,Diploid,GTCACAACTGACAAGGGCATTATGCG,0.5,Diploid,True,-0.6392977381895181
246,None,55577,Diploid,Diploid,Diploid,Diploid,TTTACAACACATAATATTATTATGTA,0.1538461538461538,Diploid,True,0.15145800173984686
247,None,55847,Diploid,Diploid,Diploid,Diploid,ACGCTAATTCGCAACTCTGTTTCGAA,0.4230769230769231,Diploid,True,-0.4143251247626337
248,NotSequenced,56993,NotSequenced,NotSequenced,NotSequenced,NotSequenced,CATACAACCCTCAACAGGATTCATGA,0.4230769230769231,,False,0.14287574420096702
249,None,57117,PKA,IRA1,Haploid,stop_gained,GCTTAAAATGTCAAAGCTGTTGGGAT,0.3846153846153846,,False,-0.059961324392825366
250,None,57408,Diploid,Diploid,Diploid,Diploid,GTCTAACGTGTAATTTTTTTAGCGAA,0.3076923076923077,,False,0.09043957979210025
251,NotSequenced,57887,NotSequenced,NotSequenced,NotSequenced,NotSequenced,GTTCAAAATCTTAATAACATTTTTTC,0.1923076923076923,,False,0.4928736947351025
252,nan-nan,58107,other,other,other,other,ACAAAAAGTTGCAAGAAGGTTCTGTC,0.3846153846153846,,False,-0.03538784241811143
253,None,58189,Diploid,Diploid,Diploid,Diploid,GGTCAAATCGTAAATTCCATTTTCGG,0.3846153846153846,Diploid,True,-0.12711377930809967
254,NFI1-synonymous_variant,58400,Diploid,Diploid,Diploid,Diploid,GACCGAATGTAAAAAACAGTTCAGAG,0.3846153846153846,Diploid,True,-0.2877022087532312
255,NotSequenced,59345,NotSequenced,NotSequenced,NotSequenced,NotSequenced,TGCTCAACCGCAAATCAAGTTTTACC,0.4230769230769231,,False,-0.2324910384852535
256,SNF2-synonymous_variant,59822,Diploid,Diploid,Diploid,Diploid,TAGCAAATGGACAAATAACTTGATTC,0.3076923076923077,Diploid,True,-0.26699836576314456
257,NAM9-upstream_point_variant; ERG1-missense_variant,59999,Diploid,Diploid,Diploid,Diploid,GATGCAAGGCGTAAGCATCTTATTAT,0.3846153846153846,Diploid,True,-0.08571148519968126
258,"tQ,-upstream_indel_variant; YMR295C-upstream_point_variant",60333,other,other,other,other,TAGGAAAGGAGTAAACTGATTGAAGA,0.3461538461538461,,False,-0.35902326911428895
259,nan-nan,60549,other,other,other,other,AATCTAATCATGAAAACATTTGCCCG,0.3461538461538461,,False,-0.1983844823080336
260,SSK2-stop_gained,60700,other,other,other,other,GCATCAATCGTGAAAATGTTTGCGGG,0.4615384615384615,,False,-0.5412453016771835
261,None,60959,Diploid,Diploid,Diploid,Diploid,AAGGAAACGTAGAAAGACGTTAATAT,0.3076923076923077,Diploid,True,0.04684388492843369
262,None,60973,Diploid,Diploid,Diploid,Diploid,CAGGCAAAGTGGAACCAGTTTTTTGC,0.4615384615384615,Diploid,True,0.28623014192024976
263,TRM13-upstream_point_variant,61570,Diploid,Diploid,Diploid,Diploid,ATGGAAAAGGCCAACTTTATTACGCT,0.3846153846153846,Diploid,True,-0.1275392660624358
264,CDC34-synonymous_variant,62344,Diploid,Diploid,Diploid,Diploid,ACGCTAATAAGGAACACTTTTCAGAC,0.3846153846153846,,False,-0.09423642205935709
265,ATH1-frameshift_variant; GIS1-upstream_indel_variant,62701,Diploid,Diploid,Diploid,Diploid,TGAATAAATGTTAATGGTTTACCAAA,0.2307692307692307,Diploid,True,-0.18386783949555677
266,MET4-stop_gained,63215,PKA,GPB2,Haploid,stop_gained,TTTCAAATCGGGAAGAGCGTTGGCCG,0.5384615384615384,GPB2,False,-0.23916196282414937
267,SKG6-missense_variant,63382,Diploid,Diploid,Diploid,Diploid,TTGCAAAAAATAAACAGCGTTTTTTT,0.2307692307692307,,False,0.7180505664651212
268,NotSequenced,63891,NotSequenced,NotSequenced,NotSequenced,NotSequenced,AAATTAACTGGGAACTAAATTAGATG,0.2692307692307692,,False,-0.9530012060362538
269,NotSequenced,64115,NotSequenced,NotSequenced,NotSequenced,NotSequenced,TATGAAAATCGTAATCTGATTTAAAG,0.2307692307692307,,False,0.08703770108490437
270,"SEN1-missense_variant; tV,YKL068W-A-upstream_indel_variant",64731,other,other,other,other,TCTAGAAAGGTCAACAAGCTTGCGTA,0.4230769230769231,,False,-0.1731287165496166
271,GUT2-missense_variant; tE(UUC)C-upstream_indel_variant,65196,Diploid,Diploid,Diploid,Diploid,ACAAGAATAATGAAAGGTATTGGTGC,0.3461538461538461,Diploid,True,-0.20487510302752898
272,MSH3-synonymous_variant,65266,Diploid,Diploid,Diploid,Diploid,AGCGGAAACTTCAAGTGCGTTAGGGA,0.5,Diploid,True,-0.3287816253204962
273,None,65692,Diploid,Diploid,Diploid,Diploid,TCGCCAAATCATAAGGTTCTTAAGCC,0.4230769230769231,Diploid,True,0.046535751846637816
274,None,65819,PKA,IRA1,Haploid,missense_variant,TGTCAAATTTCAAATAGATTCTTTCA,0.2307692307692307,,False,0.4666725012605896
275,NotSequenced,66652,NotSequenced,NotSequenced,NotSequenced,NotSequenced,CAACGAATTTGAAACAGTGTTTTGAG,0.3461538461538461,,False,0.0074019984181777475
276,None,67711,Diploid,Diploid,Diploid,Diploid,ACGAGAAATGGAAAACGGTTTCGAGT,0.4230769230769231,Diploid,True,-0.26063490535501244
277,PRP5-upstream_point_variant,68197,Diploid,Diploid,Diploid,Diploid,CAACAAAGGAATAATGCCATTGTTGG,0.3846153846153846,,False,-0.16857379580118348
278,None,69575,Diploid,Diploid,Diploid,Diploid,TACCTAAGCAATAAGCTACTTACCGA,0.3846153846153846,Diploid,True,-0.3246115462352005
279,NotSequenced,69928,NotSequenced,NotSequenced,NotSequenced,NotSequenced,TCAACAAATCGTAACAATGTTGCCGG,0.4230769230769231,,False,-0.2526502491558583
280,"RPR1-non_coding_transcript_exon_variant,non_coding_transcript_variant",70033,other,other,other,other,ATTTCAACGACTAAAGGATTTGTTAG,0.3076923076923077,,False,-0.10605989466886472
281,VRG4-upstream_indel_variant; FIT1-frameshift_variant,70408,other,other,other,other,AATTAAATATGCAAACTGCTTTGTGT,0.2692307692307692,,False,-0.21793633454413613
282,tE(UUC)C-upstream_indel_variant; YIL071W-A-missense_variant; APM2-upstream_indel_variant,70433,PKA,PDE2,Haploid,frameshift_variant,TGAGAAAGCCCAAAGGTCATTTGGGC,0.5,PDE2,False,-0.12815752865374563
283,PSY3-upstream_indel_variant; YLR345W-stop_gained,70812,Diploid,Diploid,Diploid,Diploid,TTAGTAAGATACAACATTTTTTCTTT,0.1923076923076923,,False,0.6198266464886524
284,UBP5-upstream_point_variant; SCL1-missense_variant,70982,Diploid,Diploid,Diploid,Diploid,AGTGAAATTTCCAAGTATGTTTTAGA,0.2692307692307692,Diploid,True,0.04364758056375193
285,None,71109,Adaptive Diploid,Diploid + Chr11Amp,Diploid,Diploid + Chr11Amp,TACAGAATTCGCAAGCGTTTTGAAGA,0.3846153846153846,,False,0.1507863506080475
286,MGM101-missense_variant,71696,Diploid,Diploid,Diploid,Diploid,CTAGTAAAACGAAACCAAATTGTCGG,0.3846153846153846,Diploid,True,-0.2849216289713673
287,PMC1-missense_variant,71751,Adaptive Diploid,Diploid + Chr11Amp,Diploid,Diploid + Chr11Amp,ATATTAATTTCAAAATATTTTCGTTG,0.1538461538461538,,False,0.6109116248811627
288,NotSequenced,71926,ExpNeutral,NotSequenced,NotSequenced,NotSequenced,TCAACAAAATATAATTCTCTTGCTAA,0.2307692307692307,,False,0.005559614952798233
289,MIG3-frameshift_variant; SEC8-missense_variant,72008,other,other,other,other,CCACAAAACAGCAAAAGTTTTTTCCA,0.3461538461538461,,False,0.4918516069282133
290,HSP42-upstream_point_variant,72395,other,other,other,other,TGGACAACGGACAACAAACTTGGATC,0.4615384615384615,,False,-0.5393504572166139
291,None,72591,Diploid,Diploid,Diploid,Diploid,GATGGAAGAGGTAAAAGTGTTATATT,0.3076923076923077,,False,-0.03720659308956419
292,NotSequenced,72939,ExpNeutral,NotSequenced,NotSequenced,NotSequenced,ATGGTAATTAGCAAGGGCTTTTTGAG,0.3846153846153846,,False,0.06492910651583195
293,NotSequenced,73802,ExpNeutral,NotSequenced,NotSequenced,NotSequenced,TACCAAATAATAAAGAGGATTCCTGT,0.3076923076923077,,False,-0.04590908479418166
294,NUT2-upstream_indel_variant; HXT2-missense_variant; tE(UUC)C-upstream_indel_variant,73881,Diploid,Diploid,Diploid,Diploid,CAGGAAATCGTAAAGGTTCTTAACTT,0.3461538461538461,Diploid,True,0.5401114554598926
295,TRM44-missense_variant; PSA1-upstream_point_variant,74033,Diploid,Diploid,Diploid,Diploid,CCACTAACAAGGAAAACATTTTTGGA,0.3461538461538461,Diploid,True,0.0919741513753811
296,"YRO2-upstream_point_variant; MZM1-missense_variant; SUF1,-upstream_indel_variant",74280,other,other,other,other,CAGCCAAGAGGCAACCACTTTTTTCG,0.5,,False,0.22135689580350526
297,SRB4-missense_variant,75144,Diploid,Diploid,Diploid,Diploid,TTTACAACCGTGAAATTGATTGGCGG,0.4230769230769231,Diploid,True,-0.2632420844274402
298,None,75669,PKA,GPB1,Haploid,stop_gained,TGAAAAATCTTTAAGACACTTTACTT,0.2307692307692307,,False,0.6158973730899696
299,SCC2-missense_variant; YPK9-synonymous_variant; EFM3-missense_variant,75841,Diploid,Diploid,Diploid,Diploid,AGAGGAAGCGTGAAGGGGGTTGGGTG,0.6153846153846154,Diploid,True,-0.5920884286816668
300,None,76616,Diploid,Diploid,Diploid,Diploid,GTTTAAACACGGAAGTGTATTTAAAA,0.2692307692307692,Diploid,True,0.20561792905893103
301,FUN12-missense_variant; RPL11B-upstream_indel_variant,77609,other,other,other,other,ATGCCAACTAATAAATCGTTTAAACT,0.2692307692307692,,False,-0.04774339907486132
302,NotSequenced,77824,NotSequenced,NotSequenced,NotSequenced,NotSequenced,GAGGAAAAATGGAAAGGTTTTTAAAA,0.2692307692307692,,False,0.7113924725884518
303,GAL1-synonymous_variant; ATG32-upstream_indel_variant; SIR4-missense_variant,78232,Diploid,Diploid,Diploid,Diploid,TAATCAAACACAAAGACAATTGGCGT,0.3461538461538461,Diploid,True,-0.15453967884706338
304,FAR3-frameshift_variant; PFK27-upstream_point_variant; GUP1-upstream_point_variant; TRK2-missense_variant; YNL033W-upstream_point_variant,78573,Diploid,Diploid,Diploid,Diploid,GGTGAAAGCTTGAACCGCATTTTGCT,0.4615384615384615,Diploid,True,-0.16450081557717836
305,DON1-missense_variant; SPO1-frameshift_variant; RAD16-missense_variant,79953,other,other,other,other,ATCACAATGGATAACAAGATTTTGCA,0.3076923076923077,,False,-0.058153062180881926
306,RBG1-missense_variant; NAR1-missense_variant,81798,Diploid,Diploid,Diploid,Diploid,TATTTAAACAATAATAGGTTTTCGTA,0.1923076923076923,Diploid,True,0.4134735921111102
307,VPS36-upstream_indel_variant,82806,Diploid,Diploid,Diploid,Diploid,ATTGCAAATAATAACTTAGTTACAAG,0.2307692307692307,Diploid,True,-0.17875516088896706
308,NotSequenced,83255,NotSequenced,NotSequenced,NotSequenced,NotSequenced,TTTACAACTATCAACATCTTTCTTAA,0.2307692307692307,,False,0.12998513530487407
309,None,83504,Diploid,Diploid,Diploid,Diploid,TACTGAACCAGTAAAGAATTTGACCT,0.3461538461538461,Diploid,True,-0.046780159371278655
310,None,83967,Diploid,Diploid,Diploid,Diploid,TTACGAAGTTCGAAATCAGTTCGAAG,0.3846153846153846,Diploid,True,-0.30923557704738835
311,None,84597,Diploid,Diploid,Diploid,Diploid,TAATGAATTGCGAAATAGGTTACTCG,0.3461538461538461,Diploid,True,-0.39174009260124615
312,nan-nan,84997,other,other,other,other,ATCATAATCAGAAATTGAATTAACGT,0.2307692307692307,,False,-0.28361992095386684
313,NotSequenced,85702,NotSequenced,NotSequenced,NotSequenced,NotSequenced,AGAGGAAGCTGGAAAAGAATTTGAGC,0.4230769230769231,,False,-0.7979413349762149
314,None,85751,Diploid,Diploid,Diploid,Diploid,TGCTCAATCTTCAAGTCTTTTGTTAG,0.3461538461538461,Diploid,True,0.1817982934813405
315,ZRG17-missense_variant; UTR2-upstream_point_variant; RSN1-frameshift_variant,87689,Diploid,Diploid,Diploid,Diploid,GTGTTAATTGAAAAGGAGATTGTGGG,0.3846153846153846,Diploid,True,-0.20167679572173003
316,SLX5-frameshift_variant; NCL1-upstream_point_variant,88494,other,other,other,other,CGGACAATTCGGAATGGATTTCTGGA,0.4615384615384615,,False,-0.263548050261518
317,BRR2-missense_variant; GDE1-missense_variant; GIS1-upstream_indel_variant,88706,Diploid,Diploid,Diploid,Diploid,AGACAAAATTGAAATCACCTTTCTTT,0.2692307692307692,Diploid,True,0.3341121943551326
318,None,89848,Diploid,Diploid,Diploid,Diploid,GTCGAAATTAGCAACTGTTTTGTTTT,0.3076923076923077,,False,0.2533531989928714
319,SLX1-missense_variant,90003,Diploid,Diploid,Diploid,Diploid,TGTGCAAAAAGGAATGGACTTGTGAA,0.3846153846153846,Diploid,True,-0.3487845336757001
320,NotSequenced,90234,NotSequenced,NotSequenced,NotSequenced,NotSequenced,CTACGAATGAGGAAAGCTTTTTATTG,0.3461538461538461,,False,0.35505150637556365
321,None,91807,Diploid,Diploid,Diploid,Diploid,TTAAGAACGAGCAATCACGTTTGTGA,0.3846153846153846,Diploid,True,-0.3502059820699699
322,NotSequenced,93581,NotSequenced,NotSequenced,NotSequenced,NotSequenced,CAAAAAAGTAAATCGGTTTCCTTAAT,0.2692307692307692,,False,-0.06103827488440155
323,NotSequenced,94393,NotSequenced,NotSequenced,NotSequenced,NotSequenced,CACAAAAAGCCTAAGGGGGTTGAGAC,0.5,,False,-0.031311753899842
324,NotSequenced,96078,NotSequenced,NotSequenced,NotSequenced,NotSequenced,ATCATAATAACAAACTTACTTCATCC,0.2692307692307692,,False,0.16528928857062608
325,nan-nan,99005,other,other,other,other,ATTGGAACTCAGAAGCGGGTTAGGCA,0.5,,False,-0.4879314158014134
326,None,99035,Diploid,Diploid,Diploid,Diploid,GTTCCAATACCAAAGCTTCTTGGTGG,0.4615384615384615,Diploid,True,0.1322554973008702
327,NotSequenced,100501,NotSequenced,NotSequenced,NotSequenced,NotSequenced,AATCAAATTTAGAAGCCTATTGAGCT,0.3076923076923077,,False,0.5194555138730529
328,MUP1-missense_variant,100895,Diploid,Diploid,Diploid,Diploid,TGCGGAATAGGAAAATGTTTTGGCTG,0.4230769230769231,Diploid,True,-0.2104030337324069
329,None,101051,Diploid,Diploid,Diploid,Diploid,CTCTAAACCAAGAAGTATATTACATT,0.2692307692307692,Diploid,True,0.12346408058379427
330,None,101506,Diploid,Diploid,Diploid,Diploid,CTCAAAACGACCAAATATTTTCTTAA,0.2692307692307692,Diploid,True,0.43552768763867306
331,NotSequenced,104216,NotSequenced,NotSequenced,NotSequenced,NotSequenced,TCGTAAAGCATTAAATGATTTGTTGT,0.2692307692307692,,False,-0.20487447584006366
332,TPT1-missense_variant,104261,Diploid,Diploid,Diploid,Diploid,TGCAAAACTTTTAAGTCTTTTGGGAA,0.3076923076923077,Diploid,True,0.5694392018308695
333,TMN2-missense_variant,104349,other,other,other,other,TGAAAAAGGTAAAAAGAGTTTTACAT,0.2307692307692307,,False,0.5857809864258923
334,nan-nan,105497,other,other,other,other,ATGGGAAATCCAAAATGTCTTGAAGG,0.3846153846153846,,False,-0.16639242372346388
335,NotSequenced,106257,NotSequenced,NotSequenced,NotSequenced,NotSequenced,ATAAAAAATTAATTTCATTTGTTAAT,0.0769230769230769,,False,-0.3688222862706939
336,YGR164W-frameshift_variant,107286,other,other,other,other,TAAACAAGGCATAAGAAGTTTGCTTA,0.3076923076923077,,False,0.08375149974350464
337,YHR145C-frameshift_variant,107751,other,other,other,other,TAATCAACAGCCAACAGGGTTGCGGC,0.5384615384615384,,False,-0.6732126817604233
338,NotSequenced,107859,NotSequenced,NotSequenced,NotSequenced,NotSequenced,TGAAGAATGATGAATCCGGTTTCTAC,0.3846153846153846,,False,-0.15662607170269108
339,nan-nan,107971,other,other,other,other,CTGAGAACTTGCAAACATGTTGTATA,0.3461538461538461,,False,-0.09994849283357694
340,NotSequenced,109476,ExpNeutral,NotSequenced,NotSequenced,NotSequenced,TGTCGAAAGATAAAGAGGGTTGTGGA,0.4230769230769231,,False,-0.6978766075322825
341,YKR104W-synonymous_variant,110443,Diploid,Diploid,Diploid,Diploid,ACATGAATTTATAATAGCATTGCCGA,0.3076923076923077,Diploid,True,-0.18598803788893534
342,None,111905,Diploid,Diploid,Diploid,Diploid,TTATAAAGCTTTAAGGATCTTTTTAA,0.1923076923076923,Diploid,True,0.9868360975804177
343,None,112239,Diploid,Diploid,Diploid,Diploid,GACTAAAACATGAAGGAGGTTTCTGA,0.3846153846153846,Diploid,True,-0.021162550461776758
344,MPC3-missense_variant,112427,other,other,other,other,AATCAAATGGGAAAAAAAGTTCGTAT,0.2692307692307692,,False,0.2099309288854503
345,None,113468,Diploid,Diploid,Diploid,Diploid,AAGCGAATAAGTAAATGGATTTCTGG,0.3461538461538461,Diploid,True,-0.21055154949577654
346,NotSequenced,113483,ExpNeutral,NotSequenced,NotSequenced,NotSequenced,ACAAGAAGTTGTAAAGGACTTTGGGG,0.4230769230769231,,False,-0.35891588823579545
347,HBS1-missense_variant,113978,Diploid,Diploid,Diploid,Diploid,TACGCAATCCTAAAGGACCTTATATT,0.3461538461538461,,False,0.29839761356966976
348,NotSequenced,114268,NotSequenced,NotSequenced,NotSequenced,NotSequenced,AATCAAAAAACAAATTCTATTGCCGC,0.3076923076923077,,False,-0.3121889814519374
349,"tE(CUC)I-non_coding_transcript_exon_variant,non_coding_transcript_variant; YKL177W-upstream_point_variant; CIN5-missense_variant",114628,Diploid,Diploid,Diploid,Diploid,CACGCAAATGCGAATGGTGTTGGTAG,0.5,Diploid,True,-0.5042651233561168
350,TRM13-missense_variant; RDH54-frameshift_variant; ATG32-upstream_indel_variant; RRI2-upstream_point_variant; YOL118C-frameshift_variant,115150,Diploid,Diploid,Diploid,Diploid,ATTTTAACCGTGAAAGGTTTTAATGC,0.3076923076923077,Diploid,True,0.04978204715245301
351,None,116916,Diploid,Diploid,Diploid,Diploid,GACCCAACTCGTAAGACGATTTAGGA,0.4615384615384615,Diploid,True,-0.37162589783901134
352,TOS1-upstream_point_variant; YGR210C-missense_variant,117630,other,other,other,other,AGTGCAAGAGACAAGTGCCTTGCTAT,0.4615384615384615,,False,-0.3699393167379138
353,IKI3-synonymous_variant; YNR063W-upstream_point_variant,117631,Diploid,Diploid,Diploid,Diploid,AATAAAACCGACAACCAGGTTGAGTC,0.4230769230769231,Diploid,True,-0.23147441326332951
354,MDH2-upstream_point_variant,118509,Diploid,Diploid,Diploid,Diploid,CTAGAAATATGGAAACTTATTAACGA,0.2692307692307692,Diploid,True,0.37503597139703004
355,GLN4-synonymous_variant,118921,Diploid,Diploid,Diploid,Diploid,AAATTAATATCTAACACGTTTGGCAA,0.2692307692307692,Diploid,True,-0.15191637151670073
356,nan-nan,119403,other,other,other,other,AGCAGAATACGCAACACCATTTCCTC,0.4615384615384615,,False,-0.3657546933322577
357,nan-upstream_indel_variant,120600,ExpNeutral,other,other,other,TCGTAAACCGTAAAAGATGTTATAGT,0.3076923076923077,,False,-0.10789516421907099
358,None,120939,Diploid,Diploid,Diploid,Diploid,ACGGGAAGTACGAAGGTGTTTTGGGC,0.5384615384615384,,False,-0.35495986832276827
359,FKS1-missense_variant; YPL257W-upstream_point_variant; SUP5-upstream_indel_variant,121650,other,other,other,other,AACGCAAATGTTAAAGAGTTTTTAAA,0.2307692307692307,,False,0.7728234081896338
360,NNF2-upstream_point_variant,121806,PKA,GPB2,Haploid,stop_gained,GGCTGAAGAGGAAAACAAATTGATAA,0.3461538461538461,,False,-0.2675565959214024
361,UTP15-missense_variant,121915,Diploid,Diploid,Diploid,Diploid,TCTGCAATCACTAATCACATTATTTA,0.2692307692307692,,False,-0.07384134091366594
362,YLR326W-missense_variant; YLR157W-D-frameshift_variant,122137,Diploid,Diploid,Diploid,Diploid,CCGTAAAAACAAAAGCAACTTATGCA,0.3461538461538461,Diploid,True,0.5095829288208861
363,YIL169C-missense_variant,122302,other,other,other,other,ATGGTAATTACCAACCGCGTTGATAT,0.3846153846153846,,False,-0.4097230516123419
364,NotSequenced,124210,NotSequenced,NotSequenced,NotSequenced,NotSequenced,ACGTAAATTGTTAAATATGTTAGTTC,0.2307692307692307,,False,-0.2004235749965731
365,NotSequenced,128188,NotSequenced,NotSequenced,NotSequenced,NotSequenced,CTTCAAAGCCCAAAGCACTTTGAATT,0.3846153846153846,,False,0.1482669688000498
366,RPS11B-intron_variant; FAR11-missense_variant,129569,Diploid,Diploid,Diploid,Diploid,GTCCAAAGGCAGAAACGTCTTTATCG,0.4615384615384615,,False,0.17350388282986182
367,ZEO1-synonymous_variant,132735,Diploid,Diploid,Diploid,Diploid,ACATTAATGGAAAAGTATTTTGAGCA,0.2692307692307692,Diploid,True,0.09183083777370027
368,PES4-frameshift_variant,132805,other,other,other,other,TCGCCAACGTCGAATTCCTTTTACAT,0.4230769230769231,,False,-0.06979418173557202
369,NotSequenced,134179,NotSequenced,NotSequenced,NotSequenced,NotSequenced,TCGATAATAAGGAAATGAGTTATTTA,0.2307692307692307,,False,0.8696561612441576
370,NotSequenced,134852,ExpNeutral,NotSequenced,NotSequenced,NotSequenced,ATCTAAAGGTCCAAAAGTATTGTTAG,0.3076923076923077,,False,-0.33538429450527946
371,NotSequenced,134867,NotSequenced,NotSequenced,NotSequenced,NotSequenced,TAATAAATGTGGAAGAGGGTTTGTCG,0.3846153846153846,,False,-0.27000963669041217
372,YEL067C-upstream_point_variant,134904,Diploid,Diploid,Diploid,Diploid,AGCGGAAAAATAAAAACTGTTATCGA,0.3076923076923077,Diploid,True,0.29717008696034997
373,BEM2-stop_gained,135117,Diploid,Diploid,Diploid,Diploid,AGTCCAACGGATAATGTACTTGCTGC,0.4615384615384615,,False,-0.5582077622262134
374,YBR027C-frameshift_variant,135215,Diploid,Diploid,Diploid,Diploid,TCCAAAACAACCAAGTGGTTTTGTGG,0.4230769230769231,Diploid,True,-0.15930555979161182
375,SUP7-upstream_indel_variant,142054,other,other,other,other,CATCTAACCAGCAATCTACTTAGTCA,0.3846153846153846,,False,-0.21789995059246234
376,NDC80-synonymous_variant,142144,Diploid,Diploid,Diploid,Diploid,TGGCTAACATATAAGGTCTTTGACTT,0.3461538461538461,Diploid,True,0.12035002199743812
377,ARR2-upstream_point_variant,142859,Diploid,Diploid,Diploid,Diploid,CATGTAAACGCTAATCTTATTAGATC,0.3076923076923077,Diploid,True,0.3442045220266505
378,FYV10-upstream_indel_variant,143026,other,other,other,other,ACACAAAAATTTAAAGCCTTTACCGG,0.3461538461538461,,False,0.8982752892047293
379,SSB2-synonymous_variant,143344,other,other,other,other,CATATAATTCAAAATATTTTTTTTAT,0.0769230769230769,,False,1.784782456885495
380,None,144535,Diploid,Diploid,Diploid,Diploid,TAGCCAAGTTTGAACATCATTTCGGA,0.3846153846153846,Diploid,True,-0.261665751612306
381,NotSequenced,144969,NotSequenced,NotSequenced,NotSequenced,NotSequenced,ATTATAACCATGAATGGCATTCACAA,0.3076923076923077,,False,-0.34013412128814297
382,None,145113,Diploid,Diploid,Diploid,Diploid,GGGGTAAATGTCAACTGGTTTTGGTA,0.4230769230769231,Diploid,True,-0.3019315677794684
383,BMT2-upstream_point_variant; SEC61-missense_variant,147119,Diploid,Diploid,Diploid,Diploid,CAGTAAACAGATAAAACACTTCAATC,0.3076923076923077,Diploid,True,-0.073449262543442
384,None,148821,Diploid,Diploid,Diploid,Diploid,CTAGCAAATCAAAAATAACTTAGTCA,0.2692307692307692,,False,0.10509967592489512
385,None,149824,Diploid,Diploid,Diploid,Diploid,GTTCCAATGTTCAATTGTGTTACGGT,0.3846153846153846,Diploid,True,-0.5109554060811428
386,NotSequenced,151158,NotSequenced,NotSequenced,NotSequenced,NotSequenced,CATCGAAACACTAATATTTTAGCTCA,0.3076923076923077,,False,2.812633176104484
387,nan-nan,151541,other,other,other,other,CATAAAAACATTAACAGCTTTATAAA,0.1923076923076923,,False,0.535010815623061
388,"tL(UAA)K-upstream_point_variant; tI,YLR232W-upstream_indel_variant",152081,Diploid,Diploid,Diploid,Diploid,TAAAAAAATCGCAAGAATTTTGCCTT,0.2692307692307692,Diploid,True,0.4100134592647249
389,WSC3-missense_variant,152501,Diploid,Diploid,Diploid,Diploid,AGACCAAATTAGAAAGGTGTTGTGGA,0.3846153846153846,Diploid,True,-0.303958243828066
390,NotSequenced,153016,NotSequenced,NotSequenced,NotSequenced,NotSequenced,AGCAAAATAGTAATCGGTTTCCTTAA,0.3076923076923077,,False,2.668801946462624
391,None,154660,Diploid,Diploid,Diploid,Diploid,CATACAACGATTAATGAATTTTTCTT,0.2307692307692307,Diploid,True,0.42313068899589285
392,"tI,YNL034W-upstream_indel_variant; PMT1-synonymous_variant",159038,Diploid,Diploid,Diploid,Diploid,CTAATAATTCGCAACCTCGTTTCGTG,0.4230769230769231,Diploid,True,-0.2122105580188105
393,YKR012C-upstream_indel_variant; FRS2-upstream_point_variant; POM152-stop_gained,159633,Diploid,Diploid,Diploid,Diploid,TGTCTAAAAAGCAACTACTTTTGCAG,0.3461538461538461,,False,0.2835289013123601
394,YJL045W-missense_variant,161840,Diploid,Diploid,Diploid,Diploid,CATCTAACAGCTAACGAATTTTTGAT,0.3076923076923077,,False,-0.06802425043921728
395,VPS13-missense_variant; SUF17-upstream_point_variant,163510,Diploid,Diploid,Diploid,Diploid,TCCTAAAGCTCTAATTCTCTTCTCGC,0.4230769230769231,,False,0.3603463268947981
396,MET32-upstream_point_variant,164130,Diploid,Diploid,Diploid,Diploid,TTCCTAAAGATGAATCCAATTGCGAC,0.3846153846153846,Diploid,True,-0.1806114856431973
397,YEF3-missense_variant; YGR053C-upstream_point_variant; NCL1-upstream_point_variant; SFG1-missense_variant; tE(UUC)C-upstream_indel_variant,164627,other,other,other,other,TACCCAAGTCTGAAGGCACTTGATTT,0.4230769230769231,,False,-0.18863575257141726
398,FAT3-missense_variant; TUB2-missense_variant,170554,Diploid,Diploid,Diploid,Diploid,ATATGAATCATCAATTAATTTCGCCT,0.2692307692307692,Diploid,True,-0.14807986873112167
399,FRT1-missense_variant,170814,Diploid,Diploid,Diploid,Diploid,TTATAAAGAAGCAAGGCCCTTGGTCT,0.4230769230769231,Diploid,True,0.3569773409934713
400,CYC3-upstream_point_variant; PST2-upstream_point_variant,171083,other,other,other,other,ATCCCAAACTGGAACAGGGTTACAAT,0.4230769230769231,,False,-0.39873370387573703
401,NotSequenced,175091,NotSequenced,NotSequenced,NotSequenced,NotSequenced,TTCTGAACGGTGAACCGCGTTAAAGT,0.4615384615384615,,False,-0.3466127237264367
402,BRO1-stop_gained,176764,Diploid,Diploid,Diploid,Diploid,AGCCCAATCTCGAAGACAGTTTTTTG,0.4230769230769231,Diploid,True,-0.10072548538455531
403,EAR1-missense_variant,178096,Diploid,Diploid,Diploid,Diploid,TTCACAACATGTAAGTCCTTTTCCGC,0.4230769230769231,Diploid,True,-0.21697895200660805
404,TRM11-missense_variant,179100,PKA,PDE2,Haploid,frameshift_variant,GGTCCAACAGGGAACGGCATTAGCGT,0.5769230769230769,PDE2,False,-0.48935268590454295
405,None,179213,Diploid,Diploid,Diploid,Diploid,TCAACAACCCAGAAATGTTTTTATAA,0.2692307692307692,,False,0.6845465820773142
406,RPS25B-upstream_point_variant,180905,Diploid,Diploid,Diploid,Diploid,AACATAACTCTAAATGAGATTAAAAA,0.1923076923076923,Diploid,True,0.36823433782800263
407,NotSequenced,183570,NotSequenced,NotSequenced,NotSequenced,NotSequenced,CTCAAAATAGGGAAACCCTTTAGATG,0.3846153846153846,,False,0.1858739051937917
408,NotSequenced,187133,NotSequenced,NotSequenced,NotSequenced,NotSequenced,TACGTAAAAAAAATGTGTTTAGTATA,0.1923076923076923,,False,0.652972498025805
409,None,187691,Diploid,Diploid,Diploid,Diploid,TATAAAATCTAAAATTAATTTTTCCA,0.1153846153846153,,False,1.2999864382221045
410,None,189102,Diploid,Diploid,Diploid,Diploid,CCGTCAAATCGTAACGTGCTTAAAGG,0.4615384615384615,,False,-0.4065694285072535
411,None,191298,PKA,IRA1,Haploid,upstream_point_variant,GCAGCAATTTGTAAAATCGTTGTACC,0.3846153846153846,,False,-0.2967652902878895
412,NotSequenced,192852,NotSequenced,NotSequenced,NotSequenced,NotSequenced,GTATCAACAACCAAAGGGATTGGCGG,0.5,,False,-0.2187793366840293
413,NotSequenced,193269,NotSequenced,NotSequenced,NotSequenced,NotSequenced,TGCCAAACCAATAACGGTTTTCCCAC,0.4615384615384615,,False,-0.09329416810941474
414,None,194622,Diploid,Diploid,Diploid,Diploid,TGGCCAATGTGTAATTTGTTTTAGTA,0.3076923076923077,Diploid,True,-0.1007585398301153
415,RML2-upstream_point_variant; VRG4-upstream_indel_variant,195473,other,other,other,other,TCACAAATGAGAAACAGTCTTGCGCT,0.4230769230769231,,False,-0.11172569261771777
416,RTT102-missense_variant; PBP1-missense_variant; HSX1-upstream_indel_variant,195887,other,other,other,other,GCACGAAACAATAATTTGTTTATTAC,0.2692307692307692,,False,0.04095225743037556
417,PSP1-synonymous_variant; YDR134C-upstream_indel_variant,197765,Diploid,Diploid,Diploid,Diploid,GGGCGAAGTCGCAAGGGCCTTAAGGG,0.6538461538461539,Diploid,True,-0.4270230295396468
418,DSD1-missense_variant,198950,Diploid,Diploid,Diploid,Diploid,AGCCCAAGCCATAATCGTATTCCTAT,0.4230769230769231,Diploid,True,-0.3572748231941794
419,None,200512,Diploid,Diploid,Diploid,Diploid,GGTACAAACAGAAAAGGGCTTAAATT,0.3461538461538461,Diploid,True,0.03300786540932834
420,DOG1-upstream_point_variant; LOT5-upstream_point_variant,201777,Diploid,Diploid,Diploid,Diploid,TTAATAAACATCAAGCTGATTTTGGT,0.2692307692307692,Diploid,True,-0.124030134414685
421,NotSequenced,201919,NotSequenced,NotSequenced,NotSequenced,NotSequenced,CATGAAACTACTAAGTGGTTTAAGCG,0.3846153846153846,,False,-0.02199765839367598
422,None,202468,Diploid,Diploid,Diploid,Diploid,CTAATAATTTTGAAAGGGATTGCAAC,0.3076923076923077,Diploid,True,0.1930169333341429
423,nan-nan,205157,other,other,other,other,AAGTAAATAATAAAGGTTATTTCGCT,0.2307692307692307,,False,0.23944155194415775
424,None,206713,Diploid,Diploid,Diploid,Diploid,AAACGAACATCCAAATCTCTTCCTGA,0.3846153846153846,Diploid,True,0.005333589071968693
425,YGR174W-A-upstream_point_variant; INP53-missense_variant,207058,Diploid,Diploid,Diploid,Diploid,AATCCAAAATGGAATTTTCTTTGCCC,0.3461538461538461,Diploid,True,0.23155589987325656
426,NotSequenced,207732,NotSequenced,NotSequenced,NotSequenced,NotSequenced,GTGACAAACCTGAATATGATTAGCGC,0.4230769230769231,,False,-0.5814182634782497
427,CHS3-missense_variant,208465,other,other,other,other,GTTGTAATCTCGAAGAGATTTCTAGC,0.3846153846153846,,False,-0.013713954592453993
428,NotSequenced,208839,NotSequenced,NotSequenced,NotSequenced,NotSequenced,TTCTGAATTAGTAAGTTCTTTGCAAA,0.2692307692307692,,False,0.4789047135217002
429,YLR419W-missense_variant,210734,Diploid,Diploid,Diploid,Diploid,ACAACAAAATACAAGGCTCTTGGTTT,0.3461538461538461,,False,0.8662893623789724
430,POP1-missense_variant; FUN19-frameshift_variant,211106,Diploid,Diploid,Diploid,Diploid,TTTGGAATCCACAATCTAGTTACGTC,0.3846153846153846,Diploid,True,-0.23902966262499925
431,None,214211,Diploid,Diploid,Diploid,Diploid,CATTCAAGCGCTAATGCATTTATATT,0.3076923076923077,Diploid,True,0.19787378922723536
432,NotSequenced,215309,NotSequenced,NotSequenced,NotSequenced,NotSequenced,TAAGGAAACGCGAACGACGTTGCTGC,0.5384615384615384,,False,-0.18792655732418093
433,None,215325,Diploid,Diploid,Diploid,Diploid,ATCCTAAATGTTAATTAGGTTACAAG,0.2692307692307692,Diploid,True,-0.20851018106507027
434,"tL-upstream_indel_variant; HOM6-upstream_point_variant; DFM1-synonymous_variant; tA,MRPL3-upstream_indel_variant",217798,PKA,GPB1,Haploid,missense_variant,TTTACAATTCGTAACAGTATTTTGTG,0.2692307692307692,,False,-0.018245680977988357
435,None,225065,Diploid,Diploid,Diploid,Diploid,TACACAAATCATAACCGGTTTATCCC,0.3846153846153846,Diploid,True,-0.20271604953169814
436,"IES3-missense_variant; tV,YKL068W-A-upstream_indel_variant; SEC4-synonymous_variant; LAA1-synonymous_variant",225103,other,other,other,other,GCATCAAACAGAAATGAAATTGAACG,0.3461538461538461,,False,-0.531005417451127
437,NotSequenced,225923,NotSequenced,NotSequenced,NotSequenced,NotSequenced,TGCAGAATTGTTAACGATCTTACCAT,0.3461538461538461,,False,-0.22887480909107533
438,NotSequenced,226111,NotSequenced,NotSequenced,NotSequenced,NotSequenced,TCATCAATAGGAAAGGAGTTTAGGTA,0.3461538461538461,,False,-0.2963182624380408
439,NotSequenced,227000,NotSequenced,NotSequenced,NotSequenced,NotSequenced,ATGTGAACCCTGAAGGCTATTAATTT,0.3461538461538461,,False,0.40424490299676913
440,"tR,-upstream_indel_variant; FOX2-frameshift_variant",229920,PKA,CYR1,Haploid,missense_variant,AAATCAAACCTAAACATTCTTTATGG,0.2692307692307692,,False,0.29523426475230313
441,nan-nan,230962,other,other,other,other,ATATCAACGATCAAGCGATTTGTTCC,0.3846153846153846,,False,-0.1847396864486132
442,NotSequenced,231364,NotSequenced,NotSequenced,NotSequenced,NotSequenced,ACAGCAACCGCTAATCATATTCCGAG,0.4615384615384615,,False,-0.03849943858035713
443,None,232264,Diploid,Diploid,Diploid,Diploid,TGAATAACCTATAATGGCATTATGAA,0.2692307692307692,Diploid,True,-0.19009157830243117
444,NotSequenced,233954,NotSequenced,NotSequenced,NotSequenced,NotSequenced,TAGCGAAAGTGAAAACTGTTAAGCAA,0.3461538461538461,,False,0.5264472764682215
445,None,237576,Diploid,Diploid,Diploid,Diploid,GTCCTAATGATAAAGCACATTGTAAT,0.3076923076923077,Diploid,True,-0.37012795372043034
446,nan-nan,238413,other,other,other,other,GGAACAAATCAAAATTAATTAACAAA,0.1923076923076923,,False,0.015927891687119656
447,nan-nan,239769,other,other,other,other,TGTCGAAGAAATAAGCCCGTTATTTG,0.3846153846153846,,False,-0.12192199663843
448,YLL066W-B-frameshift_variant,241857,other,other,other,other,GCGAGAAAATGAAACGTGCTTCGGCT,0.5,,False,-0.27958569365471475
449,None,244443,Diploid,Diploid,Diploid,Diploid,TTATAAAGATGTAATGGCTTTGCTCT,0.3076923076923077,Diploid,True,0.22245735291310556
450,NotSequenced,246829,NotSequenced,NotSequenced,NotSequenced,NotSequenced,TTAGAAAAAAAAACTTCGTTGGATTA,0.2307692307692307,,False,1.304767594967266
451,FYV10-upstream_indel_variant,247616,other,other,other,other,GCTCTAATTTTAAAAGGAATTGATAC,0.2692307692307692,,False,0.27097190595704634
452,NotSequenced,248136,NotSequenced,NotSequenced,NotSequenced,NotSequenced,ATCTAAAGCTAGAAAAAAGTTGTAGA,0.2692307692307692,,False,0.5578970506533375
453,NotSequenced,251379,NotSequenced,NotSequenced,NotSequenced,NotSequenced,TCCACAATCGCGAACTTAGTTCTGGA,0.4615384615384615,,False,-0.3038231479962848
454,"TCB2-upstream_point_variant; SUP51,CYR1-upstream_indel_variant; DMA1-frameshift_variant; LEU4-missense_variant; BAT1-upstream_point_variant",254044,other,other,other,other,TCATTAATTCACAAAAAATTTAGCCT,0.2307692307692307,,False,0.5973443456649391
455,NotSequenced,255385,NotSequenced,NotSequenced,NotSequenced,NotSequenced,GGGAGAAGTAACAAGGTATTATGATA,0.3461538461538461,,False,0.25844723361363325
456,FIG4-missense_variant; CNA1-missense_variant,258539,Diploid,Diploid,Diploid,Diploid,CTCCTAACGCCCAATGCTATTGGTCT,0.5,Diploid,True,-0.3171370105969778
457,None,261861,Diploid,Diploid,Diploid,Diploid,CTACCAAGAATTAAGCAGGTTGCGTA,0.4230769230769231,Diploid,True,-0.2962816343103686
458,POP4-upstream_point_variant; FPK1-frameshift_variant,262917,other,other,other,other,AGCTGAAATATTAACAAGGTTTGAGC,0.3461538461538461,,False,-0.2922297371823574
459,NotSequenced,263665,ExpNeutral,NotSequenced,NotSequenced,NotSequenced,CTCGTAATAAGAAAAATAGTTGAAGT,0.2692307692307692,,False,1.130914033802942
460,None,266802,Diploid,Diploid,Diploid,Diploid,AGCCTAACGTTCAACTGATTTATCAG,0.3846153846153846,Diploid,True,-0.3454274808307629
461,nan-nan,270104,other,other,other,other,CCCCAAAGGTTGAAATAAGTTGCAAA,0.3846153846153846,,False,-0.16542976728967457
462,PYC1-synonymous_variant; NMD3-synonymous_variant; SNZ3-missense_variant,273092,Diploid,Diploid,Diploid,Diploid,TTAATAAGAAGTAAAATTCTTTATCA,0.1538461538461538,,False,0.6770559694060551
463,nan-nan,276407,other,other,other,other,AGAATAAGCAGGAAGTATTTTAATGG,0.3076923076923077,,False,-0.13478830137430484
464,MSK1-upstream_indel_variant,277185,other,other,other,other,CAAGCAAAAGTAAAAAGGCTTAGGGC,0.4230769230769231,,False,0.12226394945182867
465,NotSequenced,278476,NotSequenced,NotSequenced,NotSequenced,NotSequenced,TACGAAAGCTCTAATGCATTTACAAG,0.3461538461538461,,False,-0.05037859912333071
466,NotSequenced,283952,NotSequenced,NotSequenced,NotSequenced,NotSequenced,TTGAAAACAAGCAACGAGTTTTATGG,0.3461538461538461,,False,-0.01006884364704983
467,nan-nan,287352,other,other,other,other,TTCCTAACCTCTAACAGGTTTAATTA,0.3076923076923077,,False,0.1394729150212784
468,ADP1-missense_variant,294706,other,other,other,other,AACACAAGTTTCAAACTAATTATGGG,0.3076923076923077,,False,-0.08120642143240747
469,NotSequenced,294994,NotSequenced,NotSequenced,NotSequenced,NotSequenced,CTGAAATAGTAAGTTTCTTTGCAAAT,0.2692307692307692,,False,-0.06385002802724192
470,MSK1-upstream_indel_variant,295458,Diploid,Diploid,Diploid,Diploid,TAACAAACAACGAATATAATTAAGCC,0.2692307692307692,,False,0.06802775761961027
471,NotSequenced,295730,NotSequenced,NotSequenced,NotSequenced,NotSequenced,TCAGTAATATGGAATCCCTTTACATT,0.3076923076923077,,False,0.5094639331799058
472,NotSequenced,296771,NotSequenced,NotSequenced,NotSequenced,NotSequenced,TGGACAACGCGAAAAACCATTGAATG,0.4230769230769231,,False,-0.37725055214382075
473,MSH5-missense_variant; PEP3-missense_variant; VHC1-synonymous_variant,297322,Diploid,Diploid,Diploid,Diploid,TCACTAATAGAAAATTAACTTCAGTA,0.2307692307692307,Diploid,True,0.15168145976947892
474,FYV10-upstream_indel_variant; YKL177W-upstream_point_variant,298344,ExpNeutral,other,other,other,TTATGAATTAGAAAGTAAGTTTAATA,0.1538461538461538,,False,0.368914147865532
475,"MTC5-upstream_point_variant; SNR6-non_coding_transcript_exon_variant,non_coding_transcript_variant",303501,other,other,other,other,TTACCAAATAGGAACATATTTACAAT,0.2307692307692307,,False,-0.020807857570428287
476,PAU16-upstream_point_variant; BEM2-missense_variant; YOL014W-missense_variant,304483,other,other,other,other,CGGAGAACCTGAAAGTAGATTAAGGG,0.4615384615384615,,False,-0.17871656369173913
477,NotSequenced,304935,NotSequenced,NotSequenced,NotSequenced,NotSequenced,TGAGGAAGGTGAAAGTGCTTTCGAGT,0.4615384615384615,,False,-0.31871633542067634
478,NotSequenced,309605,NotSequenced,NotSequenced,NotSequenced,NotSequenced,CAGATAATTATTAAAACTTTTTAGTG,0.1923076923076923,,False,0.884767165232318
479,VRG4-upstream_indel_variant,309655,PKA,PDE2,Haploid,frameshift_variant,CAAAAAAACCCTAAGTAATTTTCCCG,0.3461538461538461,PDE2,False,0.7298335710488298
480,None,310209,Diploid,Diploid,Diploid,Diploid,TAGTTAATCCTGAATGCCATTCAGGA,0.3846153846153846,Diploid,True,-0.3613391398878443
481,PET127-upstream_point_variant; SUP61-upstream_indel_variant,316048,other,other,other,other,AGCATAACCGTGAATGTAGTTATATA,0.3076923076923077,,False,-0.2559428183846424
482,NotSequenced,316954,ExpNeutral,NotSequenced,NotSequenced,NotSequenced,ATAAAAACAAGAATGCCATTAATATA,0.1923076923076923,,False,-0.4712630877582682
483,FCF1-upstream_point_variant,317672,Diploid,Diploid,Diploid,Diploid,TATGTAAAGATGAACTGGGTTATCGC,0.3846153846153846,Diploid,True,-0.4399260622884324
484,NotSequenced,319196,NotSequenced,NotSequenced,NotSequenced,NotSequenced,AGATCAAAGCGAAACTTCTTTAGGGC,0.4230769230769231,,False,0.2001474089174214
485,RKM3-upstream_point_variant,328579,Diploid,Diploid,Diploid,Diploid,GTTTTAACCATAAAGTATTTTGTACT,0.2307692307692307,Diploid,True,0.12979351539173686
486,IRC5-synonymous_variant,329774,Diploid,Diploid,Diploid,Diploid,CTATAAACCTCCAACCCGGTTGGGTC,0.5384615384615384,Diploid,True,-0.23394681014292887
487,nan-nan,330943,other,other,other,other,AATTTAAATAACAAGTAGATTGGAGT,0.2307692307692307,,False,-0.12588445174820498
488,NotSequenced,331012,NotSequenced,NotSequenced,NotSequenced,NotSequenced,CTTATAATTATTAAATCGTTGTCAAA,0.1923076923076923,,False,1.1871763166082727
489,NotSequenced,332232,NotSequenced,NotSequenced,NotSequenced,NotSequenced,CAACAAAACCAAAACCTTTTTCGTTA,0.3076923076923077,,False,3.1121033003618255
490,FAR3-frameshift_variant,334616,other,other,other,other,CCCGGAATACTTAAGCGGTTTATTAC,0.4230769230769231,,False,-0.022029181146232063
491,"RET1-synonymous_variant; SUL1-upstream_point_variant; tR,YDR089W-upstream_indel_variant",336972,PKA,SCH9,Haploid,missense_variant,TTAACAATTGCAAATGTGTTTTTAAT,0.1923076923076923,,False,0.36892993992736983
492,YPL205C-frameshift_variant; APM2-upstream_indel_variant,338908,Diploid,Diploid,Diploid,Diploid,TACAAAACACCGAAAATGATTACAGC,0.3461538461538461,Diploid,True,-0.21146632045236122
493,NotSequenced,340123,NotSequenced,NotSequenced,NotSequenced,NotSequenced,TGCCTAAACGGTAAGCGAGTTTCCCA,0.5,,False,-0.26986552541878583
494,NotSequenced,341234,NotSequenced,NotSequenced,NotSequenced,NotSequenced,GCAGCAATCGCTAAGCTTGTTGTTGA,0.4615384615384615,,False,-0.4057336096337009
495,NotSequenced,345698,NotSequenced,NotSequenced,NotSequenced,NotSequenced,GATATAACTGGGAAGGGGCTTTGAGC,0.5,,False,-0.4240657650730642
496,NotSequenced,349198,NotSequenced,NotSequenced,NotSequenced,NotSequenced,TTTACAAAGTCAAACACATTTAGTTC,0.2692307692307692,,False,0.019680130156915606
497,NotSequenced,349927,NotSequenced,NotSequenced,NotSequenced,NotSequenced,CCAATAACAGACAAGAGACTTATTAA,0.3076923076923077,,False,0.21622406284843015
498,YEL023C-upstream_point_variant,352078,other,other,other,other,CAGCCAAATATGAAACGTATTTTGAA,0.3076923076923077,,False,-0.02113672414275461
499,nan-nan,352705,other,other,other,other,TTCGAAAGAACCAAAGAGTTTGAACA,0.3461538461538461,,False,0.11649056204578838
500,NotSequenced,361412,NotSequenced,NotSequenced,NotSequenced,NotSequenced,CTTCCAACAAAAAATCATTTTATACA,0.2307692307692307,,False,2.044979314872546
501,NotSequenced,365129,NotSequenced,NotSequenced,NotSequenced,NotSequenced,CTTAAACGATAAGCCACTTTTATGAT,0.3076923076923077,,False,-0.06404856193660065
502,YBL006W-A-upstream_indel_variant,371306,other,other,other,other,ATAGTAAAGTTAAACTCATTTCACAG,0.2692307692307692,,False,-0.18918287932727612
503,DAD3-synonymous_variant,375115,Diploid,Diploid,Diploid,Diploid,CAAAAAACCATTAATATTCTTTGTAT,0.1923076923076923,,False,0.762748283915298
504,RCM1-stop_gained,378857,Diploid,Diploid,Diploid,Diploid,TAGCTAATAATAAACAAAATTGTTTT,0.1538461538461538,,False,0.23307384306923812
505,HCA4-synonymous_variant; YNL097W-A-missense_variant,379777,PKA,IRA2,Haploid,missense_variant,TTTAGAACGCTTAAATATATTCATCT,0.2307692307692307,,False,0.31458272534802634
506,nan-nan,381707,other,other,other,other,GTCGGAAGGAACAAACTAATTGTGCT,0.4230769230769231,,False,-0.3374535765910887
507,NotSequenced,387733,NotSequenced,NotSequenced,NotSequenced,NotSequenced,TCGAAAATCAGGAAACGGTTAGGGTA,0.4230769230769231,,False,0.8593402126816049
508,None,392361,Diploid,Diploid,Diploid,Diploid,CAATCAAAGTCAAACAACATTTTTAT,0.2307692307692307,Diploid,True,0.3650464518402506
509,NotSequenced,400133,NotSequenced,NotSequenced,NotSequenced,NotSequenced,ATGAAAGGATAAGCTGGTTGGTTGAT,0.3846153846153846,,False,-0.06599186948872986
510,NotSequenced,411793,NotSequenced,NotSequenced,NotSequenced,NotSequenced,TTAGAAAAAAAAAACTTCGTTGGATA,0.2307692307692307,,False,1.2737151734381107
511,NotSequenced,414033,NotSequenced,NotSequenced,NotSequenced,NotSequenced,TTAACAAGCTGGAACTCTATTAGGTG,0.3846153846153846,,False,-1.1918970594918603
512,NotSequenced,414373,NotSequenced,NotSequenced,NotSequenced,NotSequenced,CATATAATTCAAAATATTTTTTTATA,0.0769230769230769,,False,0.30994367245524057
513,NotSequenced,417393,NotSequenced,NotSequenced,NotSequenced,NotSequenced,AGGTAAAACTGCAAGCCATTAGTACA,0.3846153846153846,,False,2.8316061739303677
514,nan-nan,419648,other,other,other,other,TCCAAAACTCAGAATTCTTTTTACTC,0.3076923076923077,,False,0.46947573502830914
515,IST1-upstream_point_variant; UBA3-missense_variant,419831,Diploid,Diploid,Diploid,Diploid,CTTCAAATCCTCAAATTACTTCGCAT,0.3461538461538461,Diploid,True,0.1419346070968458
516,AST2-synonymous_variant; RDH54-upstream_point_variant,425471,Diploid,Diploid,Diploid,Diploid,GAATCAAACTTTAAGGACGTTTAACG,0.3461538461538461,Diploid,True,0.18288764333083177
517,NotSequenced,427035,NotSequenced,NotSequenced,NotSequenced,NotSequenced,TTCTGAATAGTAAGTTTCTTTGCAAA,0.2692307692307692,,False,2.521322796814554
518,nan-nan,430247,other,other,other,other,CAAGAAACTTGTAACAGTTTTGAGTT,0.3076923076923077,,False,0.6305159829941965
519,NotSequenced,433489,NotSequenced,NotSequenced,NotSequenced,NotSequenced,GAAAAACAGGAAACGGTTTAGGGTAT,0.3846153846153846,,False,-0.06454252212116664
520,None,434397,Diploid,Diploid,Diploid,Diploid,CGCCAAATAATCAAATGTGTTTCGCT,0.3846153846153846,Diploid,True,-0.20472745755765392
521,NotSequenced,454012,NotSequenced,NotSequenced,NotSequenced,NotSequenced,TCGAAAATCAGGAACGGTTTAGGGTA,0.4230769230769231,,False,0.7576077440815792
522,"CDC11-upstream_indel_variant; PCA1-synonymous_variant; TRP5-missense_variant; YDL211C,tG-upstream_indel_variant",454851,other,other,other,other,CTGTGAATTACGAAAAATGTTACTCC,0.3461538461538461,,False,-0.03121259755523378
523,NotSequenced,465343,NotSequenced,NotSequenced,NotSequenced,NotSequenced,GCTTAAAATGTCAAGCTGTTGGGATA,0.3846153846153846,,False,1.3315931966889742
524,NotSequenced,467348,NotSequenced,NotSequenced,NotSequenced,NotSequenced,TCTCAAATATAAAAAGTTTTTTAGCA,0.1923076923076923,,False,-0.012584840141152697
525,NotSequenced,469646,NotSequenced,NotSequenced,NotSequenced,NotSequenced,GAGAAATAACAAGGTATTTATGATAT,0.2307692307692307,,False,-0.08757538044884937
526,NotSequenced,480412,NotSequenced,NotSequenced,NotSequenced,NotSequenced,TTAGAAAAAAAACTTCGTTGGATTAT,0.2307692307692307,,False,3.50940633453866
527,NotSequenced,481885,NotSequenced,NotSequenced,NotSequenced,NotSequenced,CAACAAAAACCAAAACCTTTTCGTTA,0.3076923076923077,,False,3.211539052589265
528,NotSequenced,488655,NotSequenced,NotSequenced,NotSequenced,NotSequenced,CTTCCAACAAAAATCATTTTTATACA,0.2307692307692307,,False,1.7971308946795657
529,NotSequenced,490448,NotSequenced,NotSequenced,NotSequenced,NotSequenced,TACGTAAAAAAAAAAATGTGTTTAGT,0.1923076923076923,,False,-0.06263855298908107
530,NotSequenced,7777777,NotSequenced,NotSequenced,NotSequenced,NotSequenced,GAATTAAGTTGGAACAGTGTTGACAG,0.3846153846153846,,False,0.4235239839903866
531,None,9000001,PKA,IRA1,Haploid,missense,,,,False,2.0575417559938174
532,None,9000002,PKA,IRA1,Haploid,missense,,,,False,2.151849918368794
533,None,9000003,PKA,IRA1,Haploid,missense,,,,False,0.8081791792919173
534,None,9000005,PKA,IRA1,Haploid,missense,,,,False,1.100645017031058
535,None,9000006,PKA,IRA1,Haploid,missense,,,,False,1.0218871739018722
536,None,9000007,PKA,IRA1,Haploid,missense,,,,False,1.3287974787595491
537,None,9000008,PKA,IRA1,Haploid,missense,,,,False,1.9091604861054736
538,None,9000009,PKA,IRA1,Haploid,missense,,,,False,1.564138147694048
539,None,9000010,PKA,IRA1,Haploid,missense,,,,False,1.1096842764525938
540,None,9000101,PKA,IRA1,Haploid,stop_gained,,,,False,1.1459738311584347
541,None,9000103,PKA,IRA1,Haploid,stop_gained,,,,False,2.5239525867002697
542,None,9000104,PKA,IRA1,Haploid,stop_gained,,,,False,1.102158614333632
543,None,9000105,PKA,IRA1,Haploid,stop_gained,,,,False,0.45376707967934227
544,None,9000106,PKA,IRA1,Haploid,stop_gained,,,,False,1.0684094785800757
545,None,9000107,PKA,IRA1,Haploid,stop_gained,,,,False,0.09246994977114582
546,None,9000108,PKA,IRA1,Haploid,stop_gained,,,,False,-0.06328615136088074
547,None,9000109,PKA,IRA1,Haploid,stop_gained,,,,False,0.886657353678751
548,None,9000110,PKA,IRA1,Haploid,stop_gained,,,,False,0.38038607602416225
