Full.BC,Diverse.BC,Environment.BC,Total.Counts,hBFA1-21C-R1-Time8,hBFA1-21C-R1-Time16,hBFA1-21C-R1-Time24,hBFA1-21C-R1-Time40,hBFA1-21C-R2-Time8,hBFA1-21C-R2-Time16,hBFA1-21C-R2-Time24,hBFA1-21C-R2-Time40,hBFA1-37C-R1-Time8,hBFA1-37C-R1-Time16,hBFA1-37C-R1-Time24,hBFA1-37C-R1-Time40,hBFA1-37C-R2-Time8,hBFA1-37C-R2-Time16,hBFA1-37C-R2-Time24,hBFA1-37C-R2-Time40,hBFA1-48Hr-R1-Time8,hBFA1-48Hr-R1-Time16,hBFA1-48Hr-R1-Time24,hBFA1-48Hr-R1-Time40,hBFA1-48Hr-R2-Time8,hBFA1-48Hr-R2-Time16,hBFA1-48Hr-R2-Time24,hBFA1-48Hr-R2-Time40,hBFA1-FLC4-R2-Time8,hBFA1-FLC4-R2-Time16,hBFA1-FLC4-R2-Time24,hBFA1-FLC4-R2-Time40,hBFA1-GlyEtOH-R1-Time8,hBFA1-GlyEtOH-R1-Time16,hBFA1-GlyEtOH-R1-Time24,hBFA1-GlyEtOH-R1-Time40,hBFA1-GlyEtOH-R2-Time8,hBFA1-GlyEtOH-R2-Time16,hBFA1-GlyEtOH-R2-Time24,hBFA1-GlyEtOH-R2-Time40,hBFA1-SC-R1-Time8,hBFA1-SC-R1-Time16,hBFA1-SC-R1-Time24,hBFA1-SC-R1-Time40,hBFA1-SC-R2-Time8,hBFA1-SC-R2-Time16,hBFA1-SC-R2-Time24,hBFA1-SC-R2-Time40,hBFA1-YPD-R1-Time8,hBFA1-YPD-R1-Time16,hBFA1-YPD-R1-Time24,hBFA1-YPD-R1-Time40,hBFA1-YPD-R2-Time8,hBFA1-YPD-R2-Time16,hBFA1-YPD-R2-Time24,hBFA1-YPD-R2-Time40,hBFA1-pH3_8-R1-Time8,hBFA1-pH3_8-R1-Time16,hBFA1-pH3_8-R1-Time24,hBFA1-pH3_8-R1-Time40,hBFA1-pH3_8-R2-Time8,hBFA1-pH3_8-R2-Time16,hBFA1-pH3_8-R2-Time24,hBFA1-pH3_8-R2-Time40,hBFA1-pH7_3-R1-Time8,hBFA1-pH7_3-R1-Time16,hBFA1-pH7_3-R1-Time24,hBFA1-pH7_3-R1-Time40,hBFA1-pH7_3-R2-Time8,hBFA1-pH7_3-R2-Time16,hBFA1-pH7_3-R2-Time24,hBFA1-pH7_3-R2-Time40
CGCACAAGAAAGAATAATCTTGAATTCACCTAAATTAGTTATCCATTCGGCT,CGCACAAGAAAGAATAATCTTGAATT,CACCTAAATTAGTTATCCATTCGGCT,619,0,0,0,0,0,0,0,0,0,0,0,0,0,0,0,0,2,1,17,1,16,0,16,37,0,1,0,1,6,85,363,31,0,3,2,22,0,0,0,0,0,0,0,2,0,0,1,4,0,0,0,2,0,0,0,2,0,0,1,3,0,0,0,0,0,0,0,0
ATAAAAAAGCACAAGCCTTTTGACGAGGTAAAACCAGATTTGGCATTCACTA,ATAAAAAAGCACAAGCCTTTTGACGA,GGTAAAACCAGATTTGGCATTCACTA,584,0,0,0,0,0,0,0,0,0,0,0,2,0,0,0,0,9,1,30,1,13,0,19,34,0,0,1,0,5,63,362,16,1,2,1,14,0,0,0,0,0,0,0,0,0,0,1,1,0,0,1,3,0,0,0,1,0,0,0,3,0,0,0,0,0,0,0,0
TGTATAAAGTAGAAAGAGTTTCACTGGCCGAAACAGGGTTGCGGGTTGGAGG,TGTATAAAGTAGAAAGAGTTTCACTG,GCCGAAACAGGGTTGCGGGTTGGAGG,409,1,3,1,3,3,0,0,1,1,0,2,2,1,1,1,5,0,0,6,1,2,0,4,3,0,0,0,1,16,50,68,54,5,35,11,27,0,0,1,1,0,0,4,3,3,6,10,12,0,3,2,6,0,3,3,7,2,2,4,9,2,4,0,2,3,5,3,1
CTATCAATAAGTAAACATCTTGATCCAGGAGAACGGGGTTGGGGGTTGGGGG,CTATCAATAAGTAAACATCTTGATCC,AGGAGAACGGGGTTGGGGGTTGGGGG,406,1,0,0,0,0,0,0,0,0,0,0,0,1,0,0,0,0,0,6,0,1,0,1,1,0,0,0,0,7,32,69,68,6,52,76,31,0,0,1,1,0,0,4,1,1,0,4,9,0,2,2,7,3,3,1,3,0,2,2,2,3,1,1,0,0,0,1,0
ATAAAAAAGCACAAGCCTTTTGACGATACACAAGAGGGTTTCTGTTTTATGG,ATAAAAAAGCACAAGCCTTTTGACGA,TACACAAGAGGGTTTCTGTTTTATGG,362,1,0,1,4,0,2,0,1,0,0,0,3,0,1,1,0,0,14,47,1,35,0,35,129,0,0,0,0,5,30,32,1,0,0,0,0,0,0,0,0,0,0,1,0,0,0,4,2,1,1,1,1,1,0,0,0,1,0,0,2,0,1,0,0,1,0,1,1
ATAAAAAAGCACAAGCCTTTTGACGAAGGAGAACGGGGTTGGGGGTTGGGGG,ATAAAAAAGCACAAGCCTTTTGACGA,AGGAGAACGGGGTTGGGGGTTGGGGG,318,0,0,0,0,0,0,0,0,0,0,0,0,0,0,0,2,4,0,13,1,5,1,10,33,0,0,0,0,2,49,140,21,1,1,1,12,0,0,0,1,0,0,0,0,1,1,1,3,1,0,2,6,0,2,0,0,0,0,0,4,0,0,0,0,0,0,0,0
ATAAAAAAGCACAAGCCTTTTGACGAAATAGAATCATCTTACTTCTTATTAC,ATAAAAAAGCACAAGCCTTTTGACGA,AATAGAATCATCTTACTTCTTATTAC,304,0,0,0,2,0,0,0,0,0,0,0,0,0,0,0,0,0,2,23,4,6,0,13,29,0,0,0,2,4,32,158,4,0,1,2,7,0,0,1,0,0,0,0,1,0,0,1,0,0,2,0,1,0,1,1,1,0,0,0,2,0,0,1,0,1,1,0,1
ATAAAAAAGCACAAGCCTTTTGACGACCCGAAAAAGTTTTTTATCTTCAATG,ATAAAAAAGCACAAGCCTTTTGACGA,CCCGAAAAAGTTTTTTATCTTCAATG,283,0,1,0,4,0,0,2,2,0,0,0,0,1,0,0,0,0,11,42,8,27,0,40,103,0,0,0,0,5,13,4,0,0,0,0,1,0,0,0,0,0,1,0,1,0,0,2,1,2,0,0,2,0,0,2,3,0,0,0,2,0,2,0,0,1,0,0,0
ATAAAAAAGCACAAGCCTTTTGACGAGCCGAAACAGGGTTGCGGGTTGGAGG,ATAAAAAAGCACAAGCCTTTTGACGA,GCCGAAACAGGGTTGCGGGTTGGAGG,283,0,1,0,0,0,0,0,1,0,0,0,1,1,0,0,0,0,0,19,3,11,1,7,25,0,0,0,1,4,39,135,6,0,1,2,3,0,0,0,0,1,0,0,0,0,1,3,2,0,0,0,4,0,1,1,2,0,1,0,3,0,1,1,1,0,0,0,0
ATAAAAAAGCACAAGCCTTTTGACGAGCAATAATGCTCTTGACTTTTGATTT,ATAAAAAAGCACAAGCCTTTTGACGA,GCAATAATGCTCTTGACTTTTGATTT,263,0,0,0,0,0,0,0,1,0,0,2,3,1,0,0,1,0,4,43,2,14,0,28,95,0,0,0,1,2,11,39,0,0,0,0,1,0,0,1,0,0,0,0,0,0,0,3,0,1,1,0,0,1,0,1,1,0,0,0,3,0,0,0,1,0,0,0,2
CGTCAAATACGTAACGTTCTTAGTTCAGGAGAACGGGGTTGGGGGTTGGGGG,CGTCAAATACGTAACGTTCTTAGTTC,AGGAGAACGGGGTTGGGGGTTGGGGG,250,1,0,2,0,2,0,0,1,0,0,0,0,0,0,0,0,1,0,3,0,2,0,1,0,0,0,0,0,8,16,34,32,6,42,37,17,1,0,2,0,0,1,0,0,0,3,6,4,3,3,3,3,0,0,0,2,1,0,2,2,2,0,2,0,2,3,0,0
ATAAAAAAGCACAAGCCTTTTGACGAAGAAAAACCATTTTCGTATTTTATAG,ATAAAAAAGCACAAGCCTTTTGACGA,AGAAAAACCATTTTCGTATTTTATAG,232,0,0,0,2,0,0,2,1,0,1,0,3,0,0,0,1,1,4,40,3,12,0,26,76,0,0,0,0,7,13,19,2,0,1,0,1,0,1,0,0,0,0,1,0,0,1,1,5,1,0,0,1,0,0,1,1,0,0,0,1,0,0,1,0,0,0,1,1
ATAAAAAAGCACAAGCCTTTTGACGATAGCGAACCAGATTATAAATTATTAG,ATAAAAAAGCACAAGCCTTTTGACGA,TAGCGAACCAGATTATAAATTATTAG,230,0,1,0,7,0,0,0,5,0,0,0,1,0,0,0,0,0,9,42,7,21,1,23,66,0,0,0,0,3,18,13,1,0,0,0,0,0,0,0,0,0,0,0,0,0,0,1,1,0,0,2,0,0,0,0,3,0,0,1,2,0,0,0,0,0,1,0,1
CGATAAACCCACAATATGATTATCGGCACCTAAATTAGTTATCCATTCGGCT,CGATAAACCCACAATATGATTATCGG,CACCTAAATTAGTTATCCATTCGGCT,210,1,1,0,3,0,0,0,2,0,1,1,2,0,1,0,1,0,6,33,13,19,0,17,59,0,0,0,0,2,6,22,0,0,0,0,0,0,0,0,0,0,0,0,0,0,0,2,1,4,0,2,1,0,1,1,0,1,0,1,2,0,1,0,2,0,0,0,1
CCATCAATTTGTAAGCATCTTAGATAAGGAGAACGGGGTTGGGGGTTGGGGG,CCATCAATTTGTAAGCATCTTAGATA,AGGAGAACGGGGTTGGGGGTTGGGGG,200,0,0,0,0,1,0,0,0,0,0,0,0,0,0,0,0,0,0,0,0,2,0,0,0,0,0,0,0,3,24,28,45,2,22,31,17,0,0,1,0,0,0,2,0,0,0,2,4,0,2,0,2,0,0,2,2,0,3,1,2,0,0,0,0,1,0,0,1
ATAAAAAAGCACAAGCCTTTTGACGACCGCCAATCATATTGTACTTTCAAGG,ATAAAAAAGCACAAGCCTTTTGACGA,CCGCCAATCATATTGTACTTTCAAGG,197,0,0,0,1,0,0,0,1,0,0,0,0,1,0,0,0,0,14,25,2,15,1,13,72,0,0,0,0,3,10,24,0,0,0,0,0,0,0,0,0,0,0,0,0,0,1,4,3,0,0,0,2,0,0,0,0,0,0,0,4,0,0,1,0,0,0,0,0
ACAAAAAGATATAACAAGCTTGAAGACACCTAAATTAGTTATCCATTCGGCT,ACAAAAAGATATAACAAGCTTGAAGA,CACCTAAATTAGTTATCCATTCGGCT,194,0,2,1,2,1,0,1,4,0,0,0,1,0,0,0,0,1,11,25,11,18,0,17,63,0,0,0,0,6,5,4,1,1,1,0,0,0,0,0,1,0,0,0,0,0,1,3,0,0,2,1,1,0,0,1,0,0,0,0,5,0,0,0,0,1,0,1,1
ATAAAAAAGCACAAGCCTTTTGACGAATTTAAATAAACTTTGCGCTTTTACT,ATAAAAAAGCACAAGCCTTTTGACGA,ATTTAAATAAACTTTGCGCTTTTACT,187,0,2,0,0,0,0,1,2,0,0,1,0,0,0,0,0,1,4,32,3,17,0,22,65,0,0,0,0,6,11,12,0,0,0,0,0,0,0,0,0,0,0,0,0,1,0,0,0,0,0,1,0,0,2,0,1,0,0,0,1,0,0,0,1,0,0,0,1
CGATAAACCCACAATATGATTATCGGCCGCCAATCATATTGTACTTTCAAGG,CGATAAACCCACAATATGATTATCGG,CCGCCAATCATATTGTACTTTCAAGG,184,4,3,2,1,1,2,2,5,0,1,2,0,3,0,0,0,0,6,17,3,38,0,15,16,1,0,0,0,10,2,0,0,0,0,0,1,1,0,2,0,0,0,1,0,3,4,4,0,4,4,0,1,0,3,1,1,3,2,1,1,1,0,3,1,2,0,3,3
ATAAAAAAGCACAAGCCTTTTGACGAGCACGAATTCGTTTGTTCCTTTCGTT,ATAAAAAAGCACAAGCCTTTTGACGA,GCACGAATTCGTTTGTTCCTTTCGTT,181,1,0,0,2,0,0,1,2,1,0,0,1,2,0,0,0,0,6,23,2,11,0,12,76,0,0,0,0,4,8,23,0,0,0,0,0,0,0,0,0,0,0,0,0,0,0,2,1,0,0,0,0,1,0,0,1,1,0,0,0,0,0,0,0,0,0,0,0
TGACTAATGATAAAGTTAGTTCCGCCAGGAGAACGGGGTTGGGGGTTGGGGG,TGACTAATGATAAAGTTAGTTCCGCC,AGGAGAACGGGGTTGGGGGTTGGGGG,179,1,0,0,0,0,0,0,0,0,0,0,0,0,0,0,0,1,0,2,0,2,0,1,1,0,0,0,0,1,15,33,26,5,25,26,15,0,0,0,1,0,0,0,1,0,3,1,5,0,0,2,1,1,0,1,1,0,0,2,2,2,0,1,0,1,0,0,0
CGATAAACCCACAATATGATTATCGGGCCGAAACAGGGTTGCGGGTTGGAGG,CGATAAACCCACAATATGATTATCGG,GCCGAAACAGGGTTGCGGGTTGGAGG,179,4,1,1,2,3,1,3,1,0,2,2,1,2,1,0,1,0,3,6,0,21,0,9,4,1,0,0,1,9,22,21,0,1,7,0,0,0,0,0,1,0,0,0,1,2,2,4,2,2,1,2,0,1,0,2,2,1,0,3,4,1,3,3,2,1,2,3,4
CGATAAACCCACAATATGATTATCGGTAGCGAACCAGATTATAAATTATTAG,CGATAAACCCACAATATGATTATCGG,TAGCGAACCAGATTATAAATTATTAG,178,1,3,2,3,4,2,1,0,1,0,0,1,1,0,0,0,0,13,24,2,53,1,16,22,0,0,0,0,6,6,1,0,0,0,0,0,0,0,0,0,0,1,0,0,0,1,2,0,0,0,1,0,0,0,3,0,0,0,0,0,1,0,0,1,3,0,1,1
ATAAAAAAGCACAAGCCTTTTGACGATGCTAAAGTGTATTTTTCCTTACAAA,ATAAAAAAGCACAAGCCTTTTGACGA,TGCTAAAGTGTATTTTTCCTTACAAA,175,0,0,0,0,0,1,0,2,0,1,2,0,0,0,0,0,1,8,26,4,16,0,13,65,0,0,0,0,2,10,14,1,0,0,0,0,0,0,0,0,0,0,0,0,0,1,1,2,1,1,0,0,0,0,1,0,0,1,0,1,0,0,0,0,0,0,0,0
CGATAAACCCACAATATGATTATCGGAGGAGAACGGGGTTGGGGGTTGGGGG,CGATAAACCCACAATATGATTATCGG,AGGAGAACGGGGTTGGGGGTTGGGGG,174,0,2,2,2,0,1,0,0,0,0,1,0,3,1,1,0,0,5,8,5,15,0,12,12,0,0,0,2,4,27,28,2,0,4,1,1,0,0,0,0,0,0,1,0,1,3,5,3,3,1,0,2,1,1,0,0,1,1,1,0,0,2,1,0,3,3,2,0
CGATAAACCCACAATATGATTATCGGAGAAAAACCATTTTCGTATTTTATAG,CGATAAACCCACAATATGATTATCGG,AGAAAAACCATTTTCGTATTTTATAG,163,0,2,1,1,1,3,0,1,0,0,1,0,1,0,0,0,0,13,25,3,33,0,19,21,0,0,0,0,6,8,2,0,0,0,0,0,1,1,0,1,0,0,1,0,0,1,1,0,2,0,0,0,0,1,2,0,1,0,0,0,1,0,1,1,4,2,1,0
CAAGAAAACTCAAAACGTCTTAGCAGAGGAGAACGGGGTTGGGGGTTGGGGG,CAAGAAAACTCAAAACGTCTTAGCAG,AGGAGAACGGGGTTGGGGGTTGGGGG,157,0,0,1,0,1,0,1,0,0,0,0,0,1,0,0,0,2,0,1,0,0,1,2,1,0,0,0,0,5,14,20,30,1,15,29,16,0,0,1,1,0,0,0,1,0,0,1,3,0,0,2,3,0,2,0,0,0,2,0,0,0,0,0,0,0,0,0,0
TTTCTAAATTCGAAGAACTTTGTTCGAGGAGAACGGGGTTGGGGGTTGGGGG,TTTCTAAATTCGAAGAACTTTGTTCG,AGGAGAACGGGGTTGGGGGTTGGGGG,144,0,0,0,0,0,0,0,0,0,0,0,0,1,0,0,0,0,0,0,0,1,0,1,0,0,0,0,0,3,15,25,19,3,16,25,14,0,0,2,1,0,0,0,0,1,0,1,3,3,1,0,5,0,0,2,0,0,0,1,0,0,0,0,0,0,1,0,0
CCCATAACGTATAACAGATTTCTTATGCCGAAACAGGGTTGCGGGTTGGAGG,CCCATAACGTATAACAGATTTCTTAT,GCCGAAACAGGGTTGCGGGTTGGAGG,143,0,0,0,1,0,0,1,0,0,0,0,1,0,0,0,0,0,0,2,2,0,0,1,1,0,0,0,0,5,19,38,18,0,9,4,8,0,0,1,0,0,0,0,0,0,0,3,2,1,8,2,1,0,0,0,1,1,0,1,3,1,1,1,1,1,2,2,0
ATAAAAAAGCACAAGCCTTTTGACGATTCCCAAGCGAATTATATTTTTGAGA,ATAAAAAAGCACAAGCCTTTTGACGA,TTCCCAAGCGAATTATATTTTTGAGA,138,0,0,0,1,0,0,0,3,0,0,0,1,0,0,0,1,0,2,28,2,11,0,12,40,0,0,0,0,4,8,15,1,0,1,0,0,0,0,0,0,0,0,1,0,0,0,0,1,0,0,0,1,0,0,3,0,0,0,0,1,0,0,1,0,0,0,0,0
ATAAAAAAGCACAAGCCTTTTGACGATTAAAAATGCAATTAGAATTTATATT,ATAAAAAAGCACAAGCCTTTTGACGA,TTAAAAATGCAATTAGAATTTATATT,128,0,0,0,2,0,0,1,5,0,0,0,1,0,0,0,0,0,8,22,5,11,0,12,33,1,0,0,0,7,13,3,0,0,0,0,0,0,0,0,0,0,0,0,0,0,0,0,2,0,1,0,1,0,0,0,0,0,0,0,0,0,0,0,0,0,0,0,0
CGATAAACCCACAATATGATTATCGGGGTAAAACCAGATTTGGCATTCACTA,CGATAAACCCACAATATGATTATCGG,GGTAAAACCAGATTTGGCATTCACTA,126,0,1,0,0,0,1,0,0,0,0,0,0,2,0,0,0,0,1,10,1,5,0,4,6,0,0,0,2,4,29,54,0,0,0,0,0,0,0,0,0,0,0,1,0,0,1,0,0,0,2,0,0,0,0,0,0,0,0,1,0,0,0,0,0,0,0,0,1
CGATAAACCCACAATATGATTATCGGCCCGAAAAAGTTTTTTATCTTCAATG,CGATAAACCCACAATATGATTATCGG,CCCGAAAAAGTTTTTTATCTTCAATG,111,2,1,0,0,0,1,2,1,0,0,0,0,0,0,0,0,0,3,28,1,36,0,4,19,0,0,0,0,3,5,0,0,0,1,0,0,0,0,0,1,0,0,2,0,0,0,1,0,0,0,0,0,0,0,0,0,0,0,0,0,0,0,0,0,0,0,0,0
ACAAAAAGATATAACAAGCTTGAAGATACACAAGAGGGTTTCTGTTTTATGG,ACAAAAAGATATAACAAGCTTGAAGA,TACACAAGAGGGTTTCTGTTTTATGG,106,0,1,0,0,2,0,1,0,0,0,1,0,2,0,0,0,0,6,19,4,28,0,14,13,1,0,0,0,4,3,1,0,0,0,0,0,0,0,0,0,0,0,0,0,0,0,0,0,1,0,0,0,0,0,1,0,1,0,0,1,0,1,0,1,0,0,0,0
AACCAAAACCGGAACTTGGTTGGTCGAGGAGAACGGGGTTGGGGGTTGGGGG,AACCAAAACCGGAACTTGGTTGGTCG,AGGAGAACGGGGTTGGGGGTTGGGGG,101,0,0,0,0,0,0,0,0,0,0,0,0,0,0,0,0,0,0,0,0,1,0,0,0,0,0,0,0,1,6,13,13,3,13,24,8,0,0,0,0,0,0,0,1,0,0,3,4,0,1,0,2,0,0,0,2,1,0,0,3,2,0,0,0,0,0,0,0
CATATAATTCTAAATGGCTTTTTCATAGGAGAACGGGGTTGGGGGTTGGGGG,CATATAATTCTAAATGGCTTTTTCAT,AGGAGAACGGGGTTGGGGGTTGGGGG,99,0,0,0,0,0,0,0,0,0,0,0,0,0,0,0,0,0,0,0,0,0,0,1,0,0,0,0,0,1,10,15,16,2,16,17,6,0,0,1,0,0,0,0,0,0,0,1,4,0,0,0,1,1,0,1,0,0,0,2,2,2,0,0,0,0,0,0,0
AATAAAAGAAGGAAAAGCATTTAAACCACCTAAATTAGTTATCCATTCGGCT,AATAAAAGAAGGAAAAGCATTTAAAC,CACCTAAATTAGTTATCCATTCGGCT,98,0,0,0,0,0,0,0,1,0,0,0,1,0,0,0,0,0,0,10,3,1,0,6,35,0,0,0,0,1,7,16,2,0,0,0,0,0,0,0,1,0,0,0,0,0,0,0,8,0,0,0,1,1,0,0,1,0,0,0,1,0,0,0,0,0,0,2,0
AGGGGAAGTGGTAAGTTCGTTGGAGCAGGAGAACGGGGTTGGGGGTTGGGGG,AGGGGAAGTGGTAAGTTCGTTGGAGC,AGGAGAACGGGGTTGGGGGTTGGGGG,91,0,0,0,0,1,0,0,0,0,0,0,0,1,0,0,0,1,0,0,0,0,0,2,0,0,0,0,0,4,7,11,7,3,13,19,12,0,0,1,0,0,0,1,0,0,0,0,1,0,0,0,2,0,1,3,0,0,0,0,0,1,0,0,0,0,0,0,0
CGATAAACCCACAATATGATTATCGGCATCGAAGCGTCTTTATTTTTACTAG,CGATAAACCCACAATATGATTATCGG,CATCGAAGCGTCTTTATTTTTACTAG,84,0,0,0,0,0,0,0,0,0,0,1,1,1,0,0,0,0,4,15,3,12,0,13,12,1,0,0,0,5,5,3,0,0,0,0,0,0,0,0,0,0,0,1,0,0,2,2,0,0,0,0,0,0,0,0,0,1,0,0,0,0,0,0,0,0,2,0,0
CGATAAACCCACAATATGATTATCGGTGCTAAAGTGTATTTTTCCTTACAAA,CGATAAACCCACAATATGATTATCGG,TGCTAAAGTGTATTTTTCCTTACAAA,79,0,0,1,0,1,1,0,0,0,0,0,1,1,0,0,1,0,5,14,1,19,0,10,10,0,0,0,0,2,2,1,0,0,0,0,0,0,1,0,0,0,0,1,1,0,1,0,0,1,1,0,0,0,0,1,1,0,0,0,0,1,0,0,0,0,0,0,0
TGTATAAAGTAGAAAGAGTTTCACTGTACACAAGAGGGTTTCTGTTTTATGG,TGTATAAAGTAGAAAGAGTTTCACTG,TACACAAGAGGGTTTCTGTTTTATGG,75,0,1,0,0,2,0,0,0,0,0,1,0,0,2,0,0,0,1,5,1,9,0,2,4,0,0,0,0,6,13,17,2,0,0,0,1,0,0,0,0,0,0,0,0,1,2,1,0,1,0,0,0,0,0,1,0,0,0,0,0,0,1,0,0,0,1,0,0
TAATCAACCCATTCTAAAATAACTTCGTAGGAGAACGGGGTTGGGGGTTGGGGG,TAATCAACCCATTCTAAAATAACTTCGT,AGGAGAACGGGGTTGGGGGTTGGGGG,74,0,1,1,1,1,0,1,0,0,0,0,0,0,0,0,0,0,0,1,0,0,0,0,0,0,0,0,0,0,7,13,7,2,11,11,7,0,0,0,0,0,0,0,0,0,1,1,0,0,1,0,1,0,0,1,0,0,1,1,1,0,0,0,0,1,0,1,0
ATATTAAACTGGTAAGCGCTTTGTTTTAGGAGAACGGGGTTGGGGGTTGGGGG,ATATTAAACTGGTAAGCGCTTTGTTTT,AGGAGAACGGGGTTGGGGGTTGGGGG,73,1,2,0,2,0,0,0,0,0,0,0,0,0,0,0,0,0,0,0,0,0,0,0,0,0,0,0,0,2,4,5,3,1,20,10,1,0,0,0,0,0,0,2,1,0,0,3,1,1,1,2,0,0,1,0,0,0,0,1,0,0,0,2,2,0,1,3,1
TCTTAACATTAAAGTACATTTGTCCAGGAGAACGGGGTTGGGGGTTGGGGG,TCTTAACATTAAAGTACATTTGTCC,AGGAGAACGGGGTTGGGGGTTGGGGG,71,1,0,1,0,1,0,1,0,0,1,1,0,1,1,1,0,0,0,0,3,2,1,3,0,0,0,0,0,4,6,3,0,1,7,0,1,0,0,0,1,1,0,2,2,1,1,1,3,3,2,2,2,2,1,1,0,0,0,0,0,1,0,0,0,3,1,1,0
CGATAAACCCACAATATGATTATCGGGCACGAATTCGTTTGTTCCTTTCGTT,CGATAAACCCACAATATGATTATCGG,GCACGAATTCGTTTGTTCCTTTCGTT,69,2,1,1,0,0,2,0,0,0,0,0,0,1,0,0,0,0,4,8,2,13,0,4,10,0,0,0,0,4,2,5,0,0,1,0,0,0,0,0,0,0,0,2,0,1,0,1,0,0,0,0,0,0,0,1,0,0,1,0,0,0,0,1,0,1,0,1,0
GAGGTAAATGGGAAGCAATTTTGGATGCCGAAACAGGGTTGCGGGTTGGAGG,GAGGTAAATGGGAAGCAATTTTGGAT,GCCGAAACAGGGTTGCGGGTTGGAGG,69,1,0,1,1,0,0,0,0,0,0,0,0,0,0,1,0,0,0,0,0,1,0,4,1,0,0,0,0,3,10,13,9,2,3,1,2,0,0,1,1,0,0,1,0,0,2,1,1,1,0,0,1,0,1,1,1,0,0,0,1,0,1,0,1,0,1,0,0
TGTATAAAGTAGAAAGAGTTTCACTGGTACGAAGCGGGTTGAGGATTGGGGG,TGTATAAAGTAGAAAGAGTTTCACTG,GTACGAAGCGGGTTGAGGATTGGGGG,68,0,0,0,0,0,0,0,0,0,0,0,1,0,0,0,0,0,1,0,1,1,0,0,0,0,0,0,0,3,4,14,11,1,7,1,6,0,0,1,0,0,0,0,0,1,0,2,2,0,0,0,2,0,0,1,2,0,1,0,4,0,1,0,0,0,0,0,0
GGGTTAATTAGGAAATTTTTTCTAACAGGAGAACGGGGTTGGGGGTTGGGGG,GGGTTAATTAGGAAATTTTTTCTAAC,AGGAGAACGGGGTTGGGGGTTGGGGG,62,0,0,1,0,0,1,1,1,0,1,0,1,0,0,0,0,0,0,0,0,0,0,0,0,0,0,0,0,0,7,4,7,0,10,5,13,0,0,0,0,0,0,1,0,0,1,0,2,0,0,0,2,0,0,0,0,0,0,1,1,0,1,1,0,0,0,0,0
CTAACAAACAGTAAGCGTGTTGCGCAAGGAGAACGGGGTTGGGGGTTGGGGG,CTAACAAACAGTAAGCGTGTTGCGCA,AGGAGAACGGGGTTGGGGGTTGGGGG,60,0,0,1,0,0,0,0,0,1,0,0,2,0,0,0,2,0,0,0,0,0,1,0,0,0,0,0,0,3,4,1,0,1,7,4,1,0,1,2,0,0,0,0,1,0,1,3,2,1,2,1,4,0,1,1,3,0,0,1,1,3,0,0,1,0,2,1,0
TAAGGAATCTGCAAAAGATTTGGAGCGCCGAAACAGGGTTGCGGGTTGGAGG,TAAGGAATCTGCAAAAGATTTGGAGC,GCCGAAACAGGGTTGCGGGTTGGAGG,60,0,1,0,0,1,0,1,1,0,0,0,0,1,0,0,0,0,0,0,0,0,0,1,0,0,0,0,0,5,5,9,6,1,5,3,6,0,0,0,0,0,0,2,0,0,0,3,0,0,0,0,1,0,1,2,1,0,0,1,0,0,1,1,0,0,1,0,0
CGATAAACCCACAATATGATTATCGGACTGTAACTCGTTTCTCTGTTTCTAG,CGATAAACCCACAATATGATTATCGG,ACTGTAACTCGTTTCTCTGTTTCTAG,58,0,0,0,1,0,2,0,2,0,1,0,0,2,1,0,0,0,4,6,0,18,0,2,3,0,0,0,0,1,3,3,0,0,0,0,0,0,0,0,0,0,1,0,0,0,1,0,0,0,1,0,0,0,0,0,0,0,0,1,0,2,0,0,0,0,2,1,0
ACAAAAAGATATAACAAGCTTGAAGAGCCGAAACAGGGTTGCGGGTTGGAGG,ACAAAAAGATATAACAAGCTTGAAGA,GCCGAAACAGGGTTGCGGGTTGGAGG,55,0,1,0,0,0,0,0,0,0,0,0,0,1,0,0,0,1,2,10,0,7,0,3,2,0,0,0,1,1,11,3,0,0,0,0,0,0,0,0,0,1,0,0,0,0,0,1,0,1,0,1,0,0,0,0,0,0,0,2,1,1,0,0,2,0,1,1,0
TAGGCAAATTTTAACATTATTAAAGCAGGAGAACGGGGTTGGGGGTTGGGGG,TAGGCAAATTTTAACATTATTAAAGC,AGGAGAACGGGGTTGGGGGTTGGGGG,54,1,0,1,0,1,2,1,0,0,1,1,0,0,0,1,1,0,1,1,0,0,0,1,0,0,0,0,0,1,2,1,0,2,6,2,0,0,1,0,0,0,0,0,1,0,2,2,3,0,1,2,3,0,2,0,2,0,0,0,2,0,1,1,1,1,0,1,1
CGATGAAAGGGAAAATGAATTAACAGTACACAAGAGGGTTTCTGTTTTATGG,CGATGAAAGGGAAAATGAATTAACAG,TACACAAGAGGGTTTCTGTTTTATGG,54,1,2,0,0,0,1,0,0,0,1,1,0,0,0,0,0,0,3,5,1,10,0,7,9,0,0,1,0,2,1,0,0,1,1,0,0,0,0,0,1,0,0,0,0,0,0,1,0,1,0,0,0,0,0,0,0,0,0,0,1,1,0,1,0,0,1,0,0
CAACAAAATAGGAATCCAGTTGTGCGAGGAGAACGGGGTTGGGGGTTGGGGG,CAACAAAATAGGAATCCAGTTGTGCG,AGGAGAACGGGGTTGGGGGTTGGGGG,53,0,1,0,0,0,0,0,0,0,0,0,0,0,0,0,0,0,0,0,0,0,0,0,0,0,0,0,0,0,2,9,5,1,11,4,6,0,0,0,1,0,0,1,0,0,1,2,2,0,0,1,0,1,0,0,0,0,0,1,0,0,0,3,0,0,0,1,0
TACACAATCCTAAAATGAATTGATTGAGGAGAACGGGGTTGGGGGTTGGGGG,TACACAATCCTAAAATGAATTGATTG,AGGAGAACGGGGTTGGGGGTTGGGGG,53,0,0,1,0,2,0,1,0,0,1,1,2,0,0,0,3,0,0,1,0,0,0,0,0,0,0,0,0,2,1,2,0,1,4,3,1,0,0,0,0,0,0,0,0,2,2,3,2,1,0,2,4,1,3,0,0,0,0,0,1,0,0,0,0,1,1,2,2
AAAGAAAAAGTAAATTGCATTAACCCGCCGAAACAGGGTTGCGGGTTGGAGG,AAAGAAAAAGTAAATTGCATTAACCC,GCCGAAACAGGGTTGCGGGTTGGAGG,52,0,1,0,0,0,0,0,0,0,0,1,0,1,0,0,0,0,2,0,0,0,0,0,0,0,0,0,0,3,5,8,7,0,5,2,3,0,0,1,0,0,0,1,0,0,0,1,2,0,0,0,1,0,0,1,0,0,1,0,3,0,0,1,0,1,0,0,1
TGATGAATGTTTAAGCATTTTTGCCAAGGAGAACGGGGTTGGGGGTTGGGGG,TGATGAATGTTTAAGCATTTTTGCCA,AGGAGAACGGGGTTGGGGGTTGGGGG,50,3,0,1,0,0,1,1,0,0,0,0,1,0,1,0,0,0,1,0,0,0,0,0,0,0,0,0,0,2,1,8,1,1,5,8,2,0,0,0,0,0,0,0,0,0,0,1,1,1,0,0,0,0,2,0,0,0,1,1,1,0,1,1,0,0,1,2,0
CGATAAACCCACAATATGATTATCGGGCTACAAGTTGTTTCTCAGTTAACAT,CGATAAACCCACAATATGATTATCGG,GCTACAAGTTGTTTCTCAGTTAACAT,46,0,0,2,1,0,1,0,0,0,0,0,0,1,1,0,0,0,0,8,1,11,0,5,8,0,0,0,0,1,0,0,0,0,0,0,0,0,0,0,0,1,0,0,0,0,0,0,0,0,0,1,0,0,0,0,0,0,1,1,0,0,1,0,1,0,0,0,0
TGGCGAAATCTCAAGTAGCTTGTAGGTACACAAGAGGGTTTCTGTTTTATGG,TGGCGAAATCTCAAGTAGCTTGTAGG,TACACAAGAGGGTTTCTGTTTTATGG,43,1,1,0,0,0,1,0,0,0,0,0,0,2,1,0,0,0,1,2,2,7,0,4,3,0,0,0,0,5,1,0,0,0,0,0,0,0,0,0,0,0,0,0,0,1,2,1,0,0,1,0,0,0,1,1,0,0,0,0,1,0,1,1,0,2,0,0,0
TGCGAAAGCTTTAACTATCTTTTAGCAGGAGAACGGGGTTGGGGGTTGGGGG,TGCGAAAGCTTTAACTATCTTTTAGC,AGGAGAACGGGGTTGGGGGTTGGGGG,40,1,0,0,0,0,0,0,1,0,0,1,0,0,0,0,1,0,0,0,0,0,0,0,1,0,0,0,0,1,1,3,0,0,6,4,0,0,0,0,0,0,0,0,0,0,0,3,4,0,3,1,1,2,0,3,0,0,0,0,0,1,0,0,1,0,0,1,0
TACGAAATACGTAACAGAGTTTTGTTAGGAGAACGGGGTTGGGGGTTGGGGG,TACGAAATACGTAACAGAGTTTTGTT,AGGAGAACGGGGTTGGGGGTTGGGGG,39,0,1,0,0,0,0,0,0,0,0,1,0,0,0,1,0,0,0,3,0,0,0,0,1,0,0,0,0,2,1,1,0,0,4,2,0,0,0,1,0,0,0,0,1,0,2,3,2,0,0,1,0,0,0,2,1,0,1,0,1,1,1,0,0,2,1,0,2
TGCACAAGAAATAAAGCTATTAGTGGAGGAGAACGGGGTTGGGGGTTGGGGG,TGCACAAGAAATAAAGCTATTAGTGG,AGGAGAACGGGGTTGGGGGTTGGGGG,39,0,0,0,0,0,0,0,0,0,0,0,0,1,0,0,0,0,0,0,0,0,0,1,0,0,0,0,0,2,1,5,2,2,6,3,1,0,0,0,0,0,0,0,0,0,0,2,1,0,0,1,1,0,1,0,0,0,1,0,3,0,0,0,0,3,0,2,0
CGATAAACCCACAATATGATTATCGGCGATCAACAGTGTTGCGCTTTATACG,CGATAAACCCACAATATGATTATCGG,CGATCAACAGTGTTGCGCTTTATACG,38,0,2,0,0,0,0,0,0,0,0,1,1,0,0,0,1,0,0,4,0,5,0,2,3,0,0,0,0,2,5,3,0,0,0,0,0,0,0,1,0,0,0,0,0,0,0,0,1,1,0,0,0,0,0,0,0,0,0,0,1,2,0,2,0,0,0,0,1
CAAAAAATCTCAAAAACCGTTCCGTTAGGAGAACGGGGTTGGGGGTTGGGGG,CAAAAAATCTCAAAAACCGTTCCGTT,AGGAGAACGGGGTTGGGGGTTGGGGG,37,0,0,0,0,0,0,0,0,0,0,0,0,0,1,0,1,0,0,0,0,2,0,1,0,0,0,0,0,0,1,3,0,1,3,4,1,0,0,0,0,0,1,0,0,0,0,1,2,0,2,2,3,0,0,0,2,0,1,1,1,1,0,0,0,0,1,1,0
TATACAAAAAGGAAAGTCTTTATCTAAGGAGAACGGGGTTGGGGGTTGGGGG,TATACAAAAAGGAAAGTCTTTATCTA,AGGAGAACGGGGTTGGGGGTTGGGGG,37,0,0,1,0,0,0,0,0,0,0,1,0,1,0,0,0,0,0,1,0,0,0,0,0,0,0,0,0,1,2,1,1,1,4,1,0,0,0,0,0,0,0,0,1,0,1,3,4,0,1,1,2,0,1,2,1,0,0,0,3,0,0,1,0,0,1,0,0
TCTTAACATTAAAGTACATTTGTCCTACACAAGAGGGTTTCTGTTTTATGG,TCTTAACATTAAAGTACATTTGTCC,TACACAAGAGGGTTTCTGTTTTATGG,37,0,1,0,0,3,1,1,0,0,1,0,0,2,0,0,0,0,2,0,0,5,0,5,1,0,0,0,0,4,2,1,0,0,0,0,0,0,0,1,0,0,0,0,0,1,1,1,0,1,2,0,0,0,0,0,0,0,0,0,0,0,0,0,0,0,0,1,0
TCAACAATATCCAATTATCTTGCGCAAGGAGAACGGGGTTGGGGGTTGGGGG,TCAACAATATCCAATTATCTTGCGCA,AGGAGAACGGGGTTGGGGGTTGGGGG,35,0,0,0,0,0,1,0,0,0,0,0,0,0,0,0,3,0,0,0,0,0,1,1,0,0,0,0,0,4,0,1,1,0,5,2,0,0,0,1,0,0,0,1,1,0,0,5,1,1,2,0,0,0,0,0,0,0,0,0,2,0,0,1,0,1,0,0,0
AATAGACAGGGAAATCTTTTTGGTGAGGAGAACGGGGTTGGGGGTTGGGGG,AATAGACAGGGAAATCTTTTTGGTG,AGGAGAACGGGGTTGGGGGTTGGGGG,34,0,1,0,1,0,1,0,0,0,0,0,0,1,0,1,0,0,0,0,0,0,0,0,0,0,0,0,0,1,1,2,2,1,4,5,0,0,0,0,1,0,0,0,0,0,0,1,2,0,0,2,0,0,1,0,0,0,1,0,2,0,2,1,0,0,0,0,0
TATGTAAGTATTAAGTGCCTTGACGACACCTAAATTAGTTATCCATTCGGCT,TATGTAAGTATTAAGTGCCTTGACGA,CACCTAAATTAGTTATCCATTCGGCT,33,1,0,0,2,0,0,1,0,0,0,0,1,0,0,0,0,0,1,0,1,1,0,0,2,0,0,0,0,0,4,2,0,0,0,0,0,0,0,0,0,0,0,0,0,1,0,1,3,0,0,1,1,1,1,0,1,0,0,1,3,0,1,0,0,0,0,0,2
ATGAGAAGAGAAAAAGTTATTTAATCAGGAGAACGGGGTTGGGGGTTGGGGG,ATGAGAAGAGAAAAAGTTATTTAATC,AGGAGAACGGGGTTGGGGGTTGGGGG,33,2,1,0,0,0,0,1,2,0,1,0,0,0,0,0,0,0,0,0,0,0,0,0,0,0,0,0,0,1,2,2,2,1,4,2,4,0,0,0,0,0,0,0,0,0,0,0,0,0,0,0,1,1,0,0,0,0,0,0,0,0,0,3,0,1,0,1,1
CGTAAAAAAGCCAACTATGTTTTTATAGGAGAACGGGGTTGGGGGTTGGGGG,CGTAAAAAAGCCAACTATGTTTTTAT,AGGAGAACGGGGTTGGGGGTTGGGGG,29,0,0,0,0,0,1,0,0,0,0,1,0,0,0,0,0,0,0,0,0,0,0,0,0,0,0,0,0,0,1,5,2,2,5,1,1,0,0,0,0,0,0,0,0,0,0,0,2,1,0,0,0,0,0,0,1,0,0,0,0,2,1,0,0,1,1,1,0
ACCCCAACTTGCAAATCGGTTCTTGGAGGAGAACGGGGTTGGGGGTTGGGGG,ACCCCAACTTGCAAATCGGTTCTTGG,AGGAGAACGGGGTTGGGGGTTGGGGG,29,0,0,0,0,2,0,0,0,0,0,0,0,0,0,0,0,0,0,0,0,1,1,0,0,0,0,0,0,0,2,5,0,2,4,4,0,0,0,0,0,0,0,0,0,0,0,0,0,0,0,2,1,0,1,1,0,0,0,0,0,0,1,0,1,0,0,0,1
AATACAAACTGCAAGCGCCTTTCATCAGGAGAACGGGGTTGGGGGTTGGGGG,AATACAAACTGCAAGCGCCTTTCATC,AGGAGAACGGGGTTGGGGGTTGGGGG,29,0,0,0,0,0,0,0,0,0,0,0,1,0,0,0,0,0,0,0,1,0,0,0,0,0,0,0,0,0,4,2,2,0,2,3,0,0,0,0,0,0,0,0,1,0,0,1,0,2,2,0,2,1,0,0,0,0,0,0,0,0,1,0,0,2,0,0,2
ATTAGAAGAAATAAGCCTCTTAGCTGAAACAAACTTTCTTTTTTCTTTATGC,ATTAGAAGAAATAAGCCTCTTAGCTG,AAACAAACTTTCTTTTTTCTTTATGC,29,0,0,0,0,1,0,0,0,0,0,0,0,0,0,0,0,0,0,1,0,2,0,0,0,0,0,0,0,0,4,9,0,0,0,0,1,0,0,0,0,0,0,0,0,0,3,0,1,0,0,5,0,0,0,0,0,0,0,0,0,0,1,0,0,0,0,0,1
CCTAGAAAAGTGAAAAGCGTTGTCTTAGGAGAACGGGGTTGGGGGTTGGGGG,CCTAGAAAAGTGAAAAGCGTTGTCTT,AGGAGAACGGGGTTGGGGGTTGGGGG,28,0,0,0,0,0,1,1,0,0,0,1,0,0,0,0,0,0,0,0,0,0,0,0,0,0,0,0,0,2,1,0,2,3,5,5,0,0,0,0,0,0,0,0,0,1,0,0,0,0,0,0,0,2,1,1,1,0,0,0,0,0,0,0,0,0,0,1,0
TGCTCAAAATGCAAGCATTTTAGTGGAGGAGAACGGGGTTGGGGGTTGGGGG,TGCTCAAAATGCAAGCATTTTAGTGG,AGGAGAACGGGGTTGGGGGTTGGGGG,26,0,0,0,1,0,0,0,0,0,0,0,0,0,0,0,1,0,0,0,0,0,1,0,1,0,0,0,0,1,1,2,0,1,4,0,0,0,0,0,0,0,0,0,0,0,0,4,1,0,0,0,2,0,0,1,1,0,0,1,0,0,0,0,0,2,1,0,0
TCTTAACATTAAAGTACATTTGTCCGCCGAAACAGGGTTGCGGGTTGGAGG,TCTTAACATTAAAGTACATTTGTCC,GCCGAAACAGGGTTGCGGGTTGGAGG,26,1,0,0,0,0,0,1,0,0,0,0,0,1,0,0,0,0,0,1,0,1,0,0,0,0,0,0,0,0,5,3,0,0,1,0,0,0,0,0,0,0,0,1,0,1,1,1,0,0,0,0,0,0,0,2,0,1,0,1,0,1,0,1,0,1,0,0,1
AGGATAAACTGTAAGTAAGTTATGCCAGGAGAACGGGGTTGGGGGTTGGGGG,AGGATAAACTGTAAGTAAGTTATGCC,AGGAGAACGGGGTTGGGGGTTGGGGG,26,0,0,0,0,0,0,1,0,1,0,0,0,0,0,0,0,0,0,0,0,0,0,0,0,0,0,0,0,1,1,0,4,1,5,1,1,0,0,0,1,1,0,0,0,0,0,0,1,0,0,2,0,1,0,0,0,0,1,1,1,0,0,0,0,1,0,0,0
TAATGAATTGCGAAATAGGTTACTCGGCCGAAACAGGGTTGCGGGTTGGAGG,TAATGAATTGCGAAATAGGTTACTCG,GCCGAAACAGGGTTGCGGGTTGGAGG,22,0,0,0,0,0,0,1,0,0,0,0,0,1,0,0,0,0,0,0,0,0,0,0,0,0,0,0,0,3,1,1,2,0,4,0,0,0,0,0,0,0,0,0,0,0,1,0,0,0,0,0,1,0,0,0,0,0,1,1,1,1,0,0,0,1,1,1,0
GAAGGAAACATGAATGACATTGGCGGTACACAAGAGGGTTTCTGTTTTATGG,GAAGGAAACATGAATGACATTGGCGG,TACACAAGAGGGTTTCTGTTTTATGG,21,1,2,0,0,0,0,0,0,0,0,0,0,1,0,0,0,0,0,3,0,5,0,1,1,0,0,0,0,1,0,0,0,0,0,0,0,0,0,0,0,0,1,0,0,0,1,0,0,0,0,0,0,0,1,0,0,0,0,0,0,1,0,0,1,1,0,0,0
